,PassengerId,Survived,Pclass,Name,Sex,Age,SibSp,Parch,Ticket,Fare,Cabin,Embarked,had_a_bad_trip,Fare_DKK,Fare_EUR,Test,is_poor,Class_color
0,259,1,1,"Ward, Miss. Anna",female,35.0,0,0,PC 17755,512.3292,,C,True,461096.28,61479.504,"female: Ward, Miss. Anna",not poor,red
1,680,1,1,"Cardeza, Mr. Thomas Drake Martinez",male,36.0,0,1,PC 17755,512.3292,B51 B53 B55,C,True,461096.28,61479.504,"male: Cardeza, Mr. Thomas Drake Martinez",not poor,red
2,738,1,1,"Lesurer, Mr. Gustave J",male,35.0,0,0,PC 17755,512.3292,B101,C,True,461096.28,61479.504,"male: Lesurer, Mr. Gustave J",not poor,red
3,439,0,1,"Fortune, Mr. Mark",male,64.0,1,4,19950,263.0,C23 C25 C27,S,True,236700.0,31560.0,"male: Fortune, Mr. Mark",not poor,red
4,342,1,1,"Fortune, Miss. Alice Elizabeth",female,24.0,3,2,19950,263.0,C23 C25 C27,S,True,236700.0,31560.0,"female: Fortune, Miss. Alice Elizabeth",not poor,red
5,28,0,1,"Fortune, Mr. Charles Alexander",male,19.0,3,2,19950,263.0,C23 C25 C27,S,True,236700.0,31560.0,"male: Fortune, Mr. Charles Alexander",not poor,red
6,89,1,1,"Fortune, Miss. Mabel Helen",female,23.0,3,2,19950,263.0,C23 C25 C27,S,True,236700.0,31560.0,"female: Fortune, Miss. Mabel Helen",not poor,red
7,312,1,1,"Ryerson, Miss. Emily Borie",female,18.0,2,2,PC 17608,262.375,B57 B59 B63 B66,C,True,236137.5,31485.0,"female: Ryerson, Miss. Emily Borie",not poor,red
8,743,1,1,"Ryerson, Miss. Susan Parker ""Suzette""",female,21.0,2,2,PC 17608,262.375,B57 B59 B63 B66,C,True,236137.5,31485.0,"female: Ryerson, Miss. Susan Parker ""Suzette""",not poor,red
9,300,1,1,"Baxter, Mrs. James (Helene DeLaudeniere Chaput)",female,50.0,0,1,PC 17558,247.5208,B58 B60,C,True,222768.72,29702.496,"female: Baxter, Mrs. James (Helene DeLaudeniere Chaput)",not poor,red
10,119,0,1,"Baxter, Mr. Quigg Edmond",male,24.0,0,1,PC 17558,247.5208,B58 B60,C,True,222768.72,29702.496,"male: Baxter, Mr. Quigg Edmond",not poor,red
11,701,1,1,"Astor, Mrs. John Jacob (Madeleine Talmadge Force)",female,18.0,1,0,PC 17757,227.525,C62 C64,C,True,204772.5,27303.0,"female: Astor, Mrs. John Jacob (Madeleine Talmadge Force)",not poor,red
12,381,1,1,"Bidois, Miss. Rosalie",female,42.0,0,0,PC 17757,227.525,,C,True,204772.5,27303.0,"female: Bidois, Miss. Rosalie",not poor,red
13,558,0,1,"Robbins, Mr. Victor",male,,0,0,PC 17757,227.525,,C,True,204772.5,27303.0,"male: Robbins, Mr. Victor",not poor,red
14,717,1,1,"Endres, Miss. Caroline Louise",female,38.0,0,0,PC 17757,227.525,C45,C,True,204772.5,27303.0,"female: Endres, Miss. Caroline Louise",not poor,red
15,528,0,1,"Farthing, Mr. John",male,,0,0,PC 17483,221.7792,C95,S,True,199601.28,26613.504,"male: Farthing, Mr. John",not poor,red
16,378,0,1,"Widener, Mr. Harry Elkins",male,27.0,0,2,113503,211.5,C82,C,True,190350.0,25380.0,"male: Widener, Mr. Harry Elkins",not poor,red
17,731,1,1,"Allen, Miss. Elisabeth Walton",female,29.0,0,0,24160,211.3375,B5,S,True,190203.75,25360.5,"female: Allen, Miss. Elisabeth Walton",not poor,red
18,690,1,1,"Madill, Miss. Georgette Alexandra",female,15.0,0,1,24160,211.3375,B5,S,True,190203.75,25360.5,"female: Madill, Miss. Georgette Alexandra",not poor,red
19,780,1,1,"Robert, Mrs. Edward Scott (Elisabeth Walton McMillan)",female,43.0,0,1,24160,211.3375,B3,S,True,190203.75,25360.5,"female: Robert, Mrs. Edward Scott (Elisabeth Walton McMillan)",not poor,red
20,857,1,1,"Wick, Mrs. George Dennick (Mary Hitchcock)",female,45.0,1,1,36928,164.8667,,S,True,148380.03,19784.004,"female: Wick, Mrs. George Dennick (Mary Hitchcock)",not poor,red
21,319,1,1,"Wick, Miss. Mary Natalie",female,31.0,0,2,36928,164.8667,C7,S,True,148380.03,19784.004,"female: Wick, Miss. Mary Natalie",not poor,red
22,269,1,1,"Graham, Mrs. William Thompson (Edith Junkins)",female,58.0,0,1,PC 17582,153.4625,C125,S,True,138116.25,18415.5,"female: Graham, Mrs. William Thompson (Edith Junkins)",not poor,red
23,610,1,1,"Shutes, Miss. Elizabeth W",female,40.0,0,0,PC 17582,153.4625,C125,S,True,138116.25,18415.5,"female: Shutes, Miss. Elizabeth W",not poor,red
24,333,0,1,"Graham, Mr. George Edward",male,38.0,0,1,PC 17582,153.4625,C91,S,True,138116.25,18415.5,"male: Graham, Mr. George Edward",not poor,red
25,306,1,1,"Allison, Master. Hudson Trevor",male,0.92,1,2,113781,151.55,C22 C26,S,True,136395.0,18186.0,"male: Allison, Master. Hudson Trevor",not poor,red
26,298,0,1,"Allison, Miss. Helen Loraine",female,2.0,1,2,113781,151.55,C22 C26,S,True,136395.0,18186.0,"female: Allison, Miss. Helen Loraine",not poor,red
27,709,1,1,"Cleaver, Miss. Alice",female,22.0,0,0,113781,151.55,,S,True,136395.0,18186.0,"female: Cleaver, Miss. Alice",not poor,red
28,499,0,1,"Allison, Mrs. Hudson J C (Bessie Waldo Daniels)",female,25.0,1,2,113781,151.55,C22 C26,S,True,136395.0,18186.0,"female: Allison, Mrs. Hudson J C (Bessie Waldo Daniels)",not poor,red
29,32,1,1,"Spencer, Mrs. William Augustus (Marie Eugenie)",female,,1,0,PC 17569,146.5208,B78,C,True,131868.72,17582.496,"female: Spencer, Mrs. William Augustus (Marie Eugenie)",not poor,red
30,196,1,1,"Lurette, Miss. Elise",female,58.0,0,0,PC 17569,146.5208,B80,C,True,131868.72,17582.496,"female: Lurette, Miss. Elise",not poor,red
31,326,1,1,"Young, Miss. Marie Grice",female,36.0,0,0,PC 17760,135.6333,C32,C,True,122069.96999999999,16275.996,"female: Young, Miss. Marie Grice",not poor,red
32,374,0,1,"Ringhini, Mr. Sante",male,22.0,0,0,PC 17760,135.6333,,C,True,122069.96999999999,16275.996,"male: Ringhini, Mr. Sante",not poor,red
33,270,1,1,"Bissette, Miss. Amelia",female,35.0,0,0,PC 17760,135.6333,C99,S,True,122069.96999999999,16275.996,"female: Bissette, Miss. Amelia",not poor,red
34,338,1,1,"Burns, Miss. Elizabeth Margaret",female,41.0,0,0,16966,134.5,E40,C,True,121050.0,16140.0,"female: Burns, Miss. Elizabeth Margaret",not poor,red
35,320,1,1,"Spedden, Mrs. Frederic Oakley (Margaretta Corning Stone)",female,40.0,1,1,16966,134.5,E34,C,True,121050.0,16140.0,"female: Spedden, Mrs. Frederic Oakley (Margaretta Corning Stone)",not poor,red
36,661,1,1,"Frauenthal, Dr. Henry William",male,50.0,2,0,PC 17611,133.65,,S,True,120285.0,16038.0,"male: Frauenthal, Dr. Henry William",not poor,red
37,335,1,1,"Frauenthal, Mrs. Henry William (Clara Heinsheimer)",female,,1,0,PC 17611,133.65,,S,True,120285.0,16038.0,"female: Frauenthal, Mrs. Henry William (Clara Heinsheimer)",not poor,red
38,803,1,1,"Carter, Master. William Thornton II",male,11.0,1,2,113760,120.0,B96 B98,S,True,108000.0,14400.0,"male: Carter, Master. William Thornton II",not poor,red
39,436,1,1,"Carter, Miss. Lucile Polk",female,14.0,1,2,113760,120.0,B96 B98,S,True,108000.0,14400.0,"female: Carter, Miss. Lucile Polk",not poor,red
40,764,1,1,"Carter, Mrs. William Ernest (Lucile Polk)",female,36.0,1,2,113760,120.0,B96 B98,S,True,108000.0,14400.0,"female: Carter, Mrs. William Ernest (Lucile Polk)",not poor,red
41,391,1,1,"Carter, Mr. William Ernest",male,36.0,1,2,113760,120.0,B96 B98,S,True,108000.0,14400.0,"male: Carter, Mr. William Ernest",not poor,red
42,660,0,1,"Newell, Mr. Arthur Webster",male,58.0,0,2,35273,113.275,D48,C,True,101947.5,13593.0,"male: Newell, Mr. Arthur Webster",not poor,red
43,216,1,1,"Newell, Miss. Madeleine",female,31.0,1,0,35273,113.275,D36,C,True,101947.5,13593.0,"female: Newell, Miss. Madeleine",not poor,red
44,394,1,1,"Newell, Miss. Marjorie",female,23.0,1,0,35273,113.275,D36,C,True,101947.5,13593.0,"female: Newell, Miss. Marjorie",not poor,red
45,551,1,1,"Thayer, Mr. John Borland Jr",male,17.0,0,2,17421,110.8833,C70,C,True,99794.97,13305.996000000001,"male: Thayer, Mr. John Borland Jr",not poor,red
46,307,1,1,"Fleming, Miss. Margaret",female,,0,0,17421,110.8833,,C,True,99794.97,13305.996000000001,"female: Fleming, Miss. Margaret",not poor,red
47,582,1,1,"Thayer, Mrs. John Borland (Marian Longstreth Morris)",female,39.0,1,1,17421,110.8833,C68,C,True,99794.97,13305.996000000001,"female: Thayer, Mrs. John Borland (Marian Longstreth Morris)",not poor,red
48,699,0,1,"Thayer, Mr. John Borland",male,49.0,1,1,17421,110.8833,C68,C,True,99794.97,13305.996000000001,"male: Thayer, Mr. John Borland",not poor,red
49,308,1,1,"Penasco y Castellana, Mrs. Victor de Satode (Maria Josefa Perez de Soto y Vallejo)",female,17.0,1,0,PC 17758,108.9,C65,C,True,98010.0,13068.0,"female: Penasco y Castellana, Mrs. Victor de Satode (Maria Josefa Perez de Soto y Vallejo)",not poor,red
50,506,0,1,"Penasco y Castellana, Mr. Victor de Satode",male,18.0,1,0,PC 17758,108.9,C65,C,True,98010.0,13068.0,"male: Penasco y Castellana, Mr. Victor de Satode",not poor,red
51,538,1,1,"LeRoy, Miss. Bertha",female,30.0,0,0,PC 17761,106.425,,C,True,95782.5,12771.0,"female: LeRoy, Miss. Bertha",not poor,red
52,545,0,1,"Douglas, Mr. Walter Donald",male,50.0,1,0,PC 17761,106.425,C86,C,True,95782.5,12771.0,"male: Douglas, Mr. Walter Donald",not poor,red
53,521,1,1,"Perreault, Miss. Anne",female,30.0,0,0,12749,93.5,B73,S,True,84150.0,11220.0,"female: Perreault, Miss. Anne",not poor,red
54,821,1,1,"Hays, Mrs. Charles Melville (Clara Jennings Gregg)",female,52.0,1,1,12749,93.5,B69,S,True,84150.0,11220.0,"female: Hays, Mrs. Charles Melville (Clara Jennings Gregg)",not poor,red
55,485,1,1,"Bishop, Mr. Dickinson H",male,25.0,1,0,11967,91.0792,B49,C,True,81971.28,10929.504,"male: Bishop, Mr. Dickinson H",not poor,red
56,292,1,1,"Bishop, Mrs. Dickinson H (Helen Walton)",female,19.0,1,0,11967,91.0792,B49,C,True,81971.28,10929.504,"female: Bishop, Mrs. Dickinson H (Helen Walton)",not poor,red
57,487,1,1,"Hoyt, Mrs. Frederick Maxfield (Jane Anne Forby)",female,35.0,1,0,19943,90.0,C93,S,True,81000.0,10800.0,"female: Hoyt, Mrs. Frederick Maxfield (Jane Anne Forby)",not poor,red
58,413,1,1,"Minahan, Miss. Daisy E",female,33.0,1,0,19928,90.0,C78,Q,True,81000.0,10800.0,"female: Minahan, Miss. Daisy E",not poor,red
59,246,0,1,"Minahan, Dr. William Edward",male,44.0,2,0,19928,90.0,C78,Q,True,81000.0,10800.0,"male: Minahan, Dr. William Edward",not poor,red
60,225,1,1,"Hoyt, Mr. Frederick Maxfield",male,38.0,1,0,19943,90.0,C93,S,True,81000.0,10800.0,"male: Hoyt, Mr. Frederick Maxfield",not poor,red
61,454,1,1,"Goldenberg, Mr. Samuel L",male,49.0,1,0,17453,89.1042,C92,C,True,80193.78,10692.504,"male: Goldenberg, Mr. Samuel L",not poor,red
62,850,1,1,"Goldenberg, Mrs. Samuel L (Edwiga Grabowska)",female,,1,0,17453,89.1042,C92,C,True,80193.78,10692.504,"female: Goldenberg, Mrs. Samuel L (Edwiga Grabowska)",not poor,red
63,760,1,1,"Rothes, the Countess. of (Lucy Noel Martha Dyer-Edwards)",female,33.0,0,0,110152,86.5,B77,S,True,77850.0,10380.0,"female: Rothes, the Countess. of (Lucy Noel Martha Dyer-Edwards)",not poor,red
64,505,1,1,"Maioni, Miss. Roberta",female,16.0,0,0,110152,86.5,B79,S,True,77850.0,10380.0,"female: Maioni, Miss. Roberta",not poor,red
65,258,1,1,"Cherry, Miss. Gladys",female,30.0,0,0,110152,86.5,B77,S,True,77850.0,10380.0,"female: Cherry, Miss. Gladys",not poor,red
66,63,0,1,"Harris, Mr. Henry Birkhardt",male,45.0,1,0,36973,83.475,C83,S,True,75127.5,10017.0,"male: Harris, Mr. Henry Birkhardt",not poor,red
67,231,1,1,"Harris, Mrs. Henry Birkhardt (Irene Wallach)",female,35.0,1,0,36973,83.475,C83,S,True,75127.5,10017.0,"female: Harris, Mrs. Henry Birkhardt (Irene Wallach)",not poor,red
68,311,1,1,"Hays, Miss. Margaret Bechstein",female,24.0,0,0,11767,83.1583,C54,C,True,74842.47,9978.996,"female: Hays, Miss. Margaret Bechstein",not poor,red
69,836,1,1,"Compton, Miss. Sara Rebecca",female,39.0,1,1,PC 17756,83.1583,E49,C,True,74842.47,9978.996,"female: Compton, Miss. Sara Rebecca",not poor,red
70,880,1,1,"Potter, Mrs. Thomas Jr (Lily Alexenia Wilson)",female,56.0,0,1,11767,83.1583,C50,C,True,74842.47,9978.996,"female: Potter, Mrs. Thomas Jr (Lily Alexenia Wilson)",not poor,red
71,376,1,1,"Meyer, Mrs. Edgar Joseph (Leila Saks)",female,,1,0,PC 17604,82.1708,,C,True,73953.72,9860.496,"female: Meyer, Mrs. Edgar Joseph (Leila Saks)",not poor,red
72,35,0,1,"Meyer, Mr. Edgar Joseph",male,28.0,1,0,PC 17604,82.1708,,C,True,73953.72,9860.496,"male: Meyer, Mr. Edgar Joseph",not poor,red
73,446,1,1,"Dodge, Master. Washington",male,4.0,0,2,33638,81.8583,A34,S,True,73672.47,9822.996,"male: Dodge, Master. Washington",not poor,red
74,62,1,1,"Icard, Miss. Amelie",female,38.0,0,0,113572,80.0,B28,,True,72000.0,9600.0,"female: Icard, Miss. Amelie",not poor,red
75,830,1,1,"Stone, Mrs. George Nelson (Martha Evelyn)",female,62.0,0,0,113572,80.0,B28,,True,72000.0,9600.0,"female: Stone, Mrs. George Nelson (Martha Evelyn)",not poor,red
76,263,0,1,"Taussig, Mr. Emil",male,52.0,1,1,110413,79.65,E67,S,True,71685.0,9558.0,"male: Taussig, Mr. Emil",not poor,red
77,559,1,1,"Taussig, Mrs. Emil (Tillie Mandelbaum)",female,39.0,1,1,110413,79.65,E67,S,True,71685.0,9558.0,"female: Taussig, Mrs. Emil (Tillie Mandelbaum)",not poor,red
78,586,1,1,"Taussig, Miss. Ruth",female,18.0,0,2,110413,79.65,E68,S,True,71685.0,9558.0,"female: Taussig, Miss. Ruth",not poor,red
79,257,1,1,"Thorne, Mrs. Gertrude Maybelle",female,,0,0,PC 17585,79.2,,C,True,71280.0,9504.0,"female: Thorne, Mrs. Gertrude Maybelle",not poor,red
80,790,0,1,"Guggenheim, Mr. Benjamin",male,46.0,0,0,PC 17593,79.2,B82 B84,C,True,71280.0,9504.0,"male: Guggenheim, Mr. Benjamin",not poor,red
81,140,0,1,"Giglio, Mr. Victor",male,24.0,0,0,PC 17593,79.2,B86,C,True,71280.0,9504.0,"male: Giglio, Mr. Victor",not poor,red
82,588,1,1,"Frolicher-Stehli, Mr. Maxmillian",male,60.0,1,1,13567,79.2,B41,C,True,71280.0,9504.0,"male: Frolicher-Stehli, Mr. Maxmillian",not poor,red
83,742,0,1,"Cavendish, Mr. Tyrell William",male,36.0,1,0,19877,78.85,C46,S,True,70965.0,9462.0,"male: Cavendish, Mr. Tyrell William",not poor,red
84,291,1,1,"Barber, Miss. Ellen ""Nellie""",female,26.0,0,0,19877,78.85,,S,True,70965.0,9462.0,"female: Barber, Miss. Ellen ""Nellie""",not poor,red
85,592,1,1,"Stephenson, Mrs. Walter Bertram (Martha Eustis)",female,52.0,1,0,36947,78.2667,D20,C,True,70440.03,9392.004,"female: Stephenson, Mrs. Walter Bertram (Martha Eustis)",not poor,red
86,497,1,1,"Eustis, Miss. Elizabeth Mussey",female,54.0,1,0,36947,78.2667,D20,C,True,70440.03,9392.004,"female: Eustis, Miss. Elizabeth Mussey",not poor,red
87,766,1,1,"Hogeboom, Mrs. John C (Anna Andrews)",female,51.0,1,0,13502,77.9583,D11,S,True,70162.47,9354.996,"female: Hogeboom, Mrs. John C (Anna Andrews)",not poor,red
88,276,1,1,"Andrews, Miss. Kornelia Theodosia",female,63.0,1,0,13502,77.9583,D7,S,True,70162.47,9354.996,"female: Andrews, Miss. Kornelia Theodosia",not poor,red
89,628,1,1,"Longley, Miss. Gretchen Fiske",female,21.0,0,0,13502,77.9583,D9,S,True,70162.47,9354.996,"female: Longley, Miss. Gretchen Fiske",not poor,red
90,125,0,1,"White, Mr. Percival Wayland",male,54.0,0,1,35281,77.2875,D26,S,True,69558.75,9274.5,"male: White, Mr. Percival Wayland",not poor,red
91,103,0,1,"White, Mr. Richard Frasar",male,21.0,0,1,35281,77.2875,D26,S,True,69558.75,9274.5,"male: White, Mr. Richard Frasar",not poor,red
92,646,1,1,"Harper, Mr. Henry Sleeper",male,48.0,1,0,PC 17572,76.7292,D33,C,True,69056.28,9207.504,"male: Harper, Mr. Henry Sleeper",not poor,red
93,682,1,1,"Hassab, Mr. Hammad",male,27.0,0,0,PC 17572,76.7292,D49,C,True,69056.28,9207.504,"male: Hassab, Mr. Hammad",not poor,red
94,53,1,1,"Harper, Mrs. Henry Sleeper (Myna Haxtun)",female,49.0,1,0,PC 17572,76.7292,D33,C,True,69056.28,9207.504,"female: Harper, Mrs. Henry Sleeper (Myna Haxtun)",not poor,red
95,219,1,1,"Bazzani, Miss. Albina",female,32.0,0,0,11813,76.2917,D15,C,True,68662.53,9155.004,"female: Bazzani, Miss. Albina",not poor,red
96,367,1,1,"Warren, Mrs. Frank Manley (Anna Sophia Atkinson)",female,60.0,1,0,110813,75.25,D37,C,True,67725.0,9030.0,"female: Warren, Mrs. Frank Manley (Anna Sophia Atkinson)",not poor,red
97,666,0,2,"Hickman, Mr. Lewis",male,32.0,2,0,S.O.C. 14879,73.5,,S,True,66150.0,8820.0,"male: Hickman, Mr. Lewis",not poor,green
98,73,0,2,"Hood, Mr. Ambrose Jr",male,21.0,0,0,S.O.C. 14879,73.5,,S,True,66150.0,8820.0,"male: Hood, Mr. Ambrose Jr",not poor,green
99,121,0,2,"Hickman, Mr. Stanley George",male,21.0,2,0,S.O.C. 14879,73.5,,S,True,66150.0,8820.0,"male: Hickman, Mr. Stanley George",not poor,green
100,386,0,2,"Davies, Mr. Charles Henry",male,18.0,0,0,S.O.C. 14879,73.5,,S,True,66150.0,8820.0,"male: Davies, Mr. Charles Henry",not poor,green
101,656,0,2,"Hickman, Mr. Leonard Mark",male,24.0,2,0,S.O.C. 14879,73.5,,S,True,66150.0,8820.0,"male: Hickman, Mr. Leonard Mark",not poor,green
102,2,1,1,"Cumings, Mrs. John Bradley (Florence Briggs Thayer)",female,38.0,1,0,PC 17599,71.2833,C85,C,True,64154.969999999994,8553.996,"female: Cumings, Mrs. John Bradley (Florence Briggs Thayer)",not poor,red
103,541,1,1,"Crosby, Miss. Harriet R",female,36.0,0,2,WE/P 5735,71.0,B22,S,True,63900.0,8520.0,"female: Crosby, Miss. Harriet R",not poor,red
104,746,0,1,"Crosby, Capt. Edward Gifford",male,70.0,1,1,WE/P 5735,71.0,B22,S,True,63900.0,8520.0,"male: Crosby, Capt. Edward Gifford",not poor,red
105,181,0,3,"Sage, Miss. Constance Gladys",female,,8,2,CA. 2343,69.55,,S,True,62595.0,8346.0,"female: Sage, Miss. Constance Gladys",not poor,blue
106,793,0,3,"Sage, Miss. Stella Anna",female,,8,2,CA. 2343,69.55,,S,True,62595.0,8346.0,"female: Sage, Miss. Stella Anna",not poor,blue
107,325,0,3,"Sage, Mr. George John Jr",male,,8,2,CA. 2343,69.55,,S,True,62595.0,8346.0,"male: Sage, Mr. George John Jr",not poor,blue
108,847,0,3,"Sage, Mr. Douglas Bullen",male,,8,2,CA. 2343,69.55,,S,True,62595.0,8346.0,"male: Sage, Mr. Douglas Bullen",not poor,blue
109,202,0,3,"Sage, Mr. Frederick",male,,8,2,CA. 2343,69.55,,S,True,62595.0,8346.0,"male: Sage, Mr. Frederick",not poor,blue
110,160,0,3,"Sage, Master. Thomas Henry",male,,8,2,CA. 2343,69.55,,S,True,62595.0,8346.0,"male: Sage, Master. Thomas Henry",not poor,blue
111,864,0,3,"Sage, Miss. Dorothy Edith ""Dolly""",female,,8,2,CA. 2343,69.55,,S,True,62595.0,8346.0,"female: Sage, Miss. Dorothy Edith ""Dolly""",not poor,blue
112,370,1,1,"Aubart, Mme. Leontine Pauline",female,24.0,0,0,PC 17477,69.3,B35,C,True,62370.0,8316.0,"female: Aubart, Mme. Leontine Pauline",not poor,red
113,642,1,1,"Sagesser, Mlle. Emma",female,24.0,0,0,PC 17477,69.3,B35,C,True,62370.0,8316.0,"female: Sagesser, Mlle. Emma",not poor,red
114,337,0,1,"Pears, Mr. Thomas Clinton",male,29.0,1,0,113776,66.6,C2,S,True,59939.99999999999,7991.999999999999,"male: Pears, Mr. Thomas Clinton",not poor,red
115,152,1,1,"Pears, Mrs. Thomas (Edith Wearne)",female,22.0,1,0,113776,66.6,C2,S,True,59939.99999999999,7991.999999999999,"female: Pears, Mrs. Thomas (Edith Wearne)",not poor,red
116,755,1,2,"Herman, Mrs. Samuel (Jane Laver)",female,48.0,1,2,220845,65.0,,S,True,58500.0,7800.0,"female: Herman, Mrs. Samuel (Jane Laver)",not poor,green
117,616,1,2,"Herman, Miss. Alice",female,24.0,1,2,220845,65.0,,S,True,58500.0,7800.0,"female: Herman, Miss. Alice",not poor,green
118,98,1,1,"Greenfield, Mr. William Bertram",male,23.0,0,1,PC 17759,63.3583,D10 D12,C,True,57022.47,7602.996,"male: Greenfield, Mr. William Bertram",not poor,red
119,55,0,1,"Ostby, Mr. Engelhart Cornelius",male,65.0,0,1,113509,61.9792,B30,C,True,55781.28,7437.504,"male: Ostby, Mr. Engelhart Cornelius",not poor,red
120,156,0,1,"Williams, Mr. Charles Duane",male,51.0,0,1,PC 17597,61.3792,,C,True,55241.28,7365.504,"male: Williams, Mr. Charles Duane",not poor,red
121,93,0,1,"Chaffee, Mr. Herbert Fuller",male,46.0,1,0,W.E.P. 5734,61.175,E31,S,True,55057.5,7341.0,"male: Chaffee, Mr. Herbert Fuller",not poor,red
122,514,1,1,"Rothschild, Mrs. Martin (Elizabeth L. Barrett)",female,54.0,1,0,PC 17603,59.4,,C,True,53460.0,7128.0,"female: Rothschild, Mrs. Martin (Elizabeth L. Barrett)",not poor,red
123,524,1,1,"Hippach, Mrs. Louis Albert (Ida Sophia Fischer)",female,44.0,0,1,111361,57.9792,B18,C,True,52181.28,6957.504,"female: Hippach, Mrs. Louis Albert (Ida Sophia Fischer)",not poor,red
124,330,1,1,"Hippach, Miss. Jean Gertrude",female,16.0,0,1,111361,57.9792,B18,C,True,52181.28,6957.504,"female: Hippach, Miss. Jean Gertrude",not poor,red
125,782,1,1,"Dick, Mrs. Albert Adrian (Vera Gillespie)",female,17.0,1,0,17474,57.0,B20,S,True,51300.0,6840.0,"female: Dick, Mrs. Albert Adrian (Vera Gillespie)",not poor,red
126,691,1,1,"Dick, Mr. Albert Adrian",male,31.0,1,0,17474,57.0,B20,S,True,51300.0,6840.0,"male: Dick, Mr. Albert Adrian",not poor,red
127,310,1,1,"Francatelli, Miss. Laura Mabel",female,30.0,0,0,PC 17485,56.9292,E36,C,True,51236.28,6831.504,"female: Francatelli, Miss. Laura Mabel",not poor,red
128,600,1,1,"Duff Gordon, Sir. Cosmo Edmund (""Mr Morgan"")",male,49.0,1,0,PC 17485,56.9292,A20,C,True,51236.28,6831.504,"male: Duff Gordon, Sir. Cosmo Edmund (""Mr Morgan"")",not poor,red
129,644,1,3,"Foo, Mr. Choong",male,,0,0,1601,56.4958,,S,True,50846.22,6779.496,"male: Foo, Mr. Choong",not poor,blue
130,510,1,3,"Lang, Mr. Fang",male,26.0,0,0,1601,56.4958,,S,True,50846.22,6779.496,"male: Lang, Mr. Fang",not poor,blue
131,170,0,3,"Ling, Mr. Lee",male,28.0,0,0,1601,56.4958,,S,True,50846.22,6779.496,"male: Ling, Mr. Lee",not poor,blue
132,827,0,3,"Lam, Mr. Len",male,,0,0,1601,56.4958,,S,True,50846.22,6779.496,"male: Lam, Mr. Len",not poor,blue
133,693,1,3,"Lam, Mr. Ali",male,,0,0,1601,56.4958,,S,True,50846.22,6779.496,"male: Lam, Mr. Ali",not poor,blue
134,839,1,3,"Chip, Mr. Chang",male,32.0,0,0,1601,56.4958,,S,True,50846.22,6779.496,"male: Chip, Mr. Chang",not poor,blue
135,75,1,3,"Bing, Mr. Lee",male,32.0,0,0,1601,56.4958,,S,True,50846.22,6779.496,"male: Bing, Mr. Lee",not poor,blue
136,578,1,1,"Silvey, Mrs. William Baird (Alice Munger)",female,39.0,1,0,13507,55.9,E44,S,True,50310.0,6708.0,"female: Silvey, Mrs. William Baird (Alice Munger)",not poor,red
137,435,0,1,"Silvey, Mr. William Baird",male,50.0,1,0,13507,55.9,E44,S,True,50310.0,6708.0,"male: Silvey, Mr. William Baird",not poor,red
138,371,1,1,"Harder, Mr. George Achilles",male,25.0,1,0,11765,55.4417,E50,C,True,49897.53,6653.004,"male: Harder, Mr. George Achilles",not poor,red
139,357,1,1,"Bowerman, Miss. Elsie Edith",female,22.0,0,1,113505,55.0,E33,S,True,49500.0,6600.0,"female: Bowerman, Miss. Elsie Edith",not poor,red
140,167,1,1,"Chibnall, Mrs. (Edith Martha Bowerman)",female,,0,1,113505,55.0,E33,S,True,49500.0,6600.0,"female: Chibnall, Mrs. (Edith Martha Bowerman)",not poor,red
141,725,1,1,"Chambers, Mr. Norman Campbell",male,27.0,1,0,113806,53.1,E8,S,True,47790.0,6372.0,"male: Chambers, Mr. Norman Campbell",not poor,red
142,4,1,1,"Futrelle, Mrs. Jacques Heath (Lily May Peel)",female,35.0,1,0,113803,53.1,C123,S,True,47790.0,6372.0,"female: Futrelle, Mrs. Jacques Heath (Lily May Peel)",not poor,red
143,138,0,1,"Futrelle, Mr. Jacques Heath",male,37.0,1,0,113803,53.1,C123,S,True,47790.0,6372.0,"male: Futrelle, Mr. Jacques Heath",not poor,red
144,810,1,1,"Chambers, Mrs. Norman Campbell (Bertha Griggs)",female,33.0,1,0,113806,53.1,E8,S,True,47790.0,6372.0,"female: Chambers, Mrs. Norman Campbell (Bertha Griggs)",not poor,red
145,749,0,1,"Marvin, Mr. Daniel Warner",male,19.0,1,0,113773,53.1,D30,S,True,47790.0,6372.0,"male: Marvin, Mr. Daniel Warner",not poor,red
146,249,1,1,"Beckwith, Mr. Richard Leonard",male,37.0,1,1,11751,52.5542,D35,S,True,47298.78,6306.504,"male: Beckwith, Mr. Richard Leonard",not poor,red
147,872,1,1,"Beckwith, Mrs. Richard Leonard (Sallie Monypeny)",female,47.0,1,1,11751,52.5542,D35,S,True,47298.78,6306.504,"female: Beckwith, Mrs. Richard Leonard (Sallie Monypeny)",not poor,red
148,622,1,1,"Kimball, Mr. Edwin Nelson Jr",male,42.0,1,0,11753,52.5542,D19,S,True,47298.78,6306.504,"male: Kimball, Mr. Edwin Nelson Jr",not poor,red
149,672,0,1,"Davidson, Mr. Thornton",male,31.0,1,0,F.C. 12750,52.0,B71,S,True,46800.0,6240.0,"male: Davidson, Mr. Thornton",not poor,red
150,476,0,1,"Clifford, Mr. George Quincy",male,,0,0,110465,52.0,A14,S,True,46800.0,6240.0,"male: Clifford, Mr. George Quincy",not poor,red
151,670,1,1,"Taylor, Mrs. Elmer Zebley (Juliet Cummins Wright)",female,,1,0,19996,52.0,C126,S,True,46800.0,6240.0,"female: Taylor, Mrs. Elmer Zebley (Juliet Cummins Wright)",not poor,red
152,111,0,1,"Porter, Mr. Walter Chamberlain",male,47.0,0,0,110465,52.0,C110,S,True,46800.0,6240.0,"male: Porter, Mr. Walter Chamberlain",not poor,red
153,36,0,1,"Holverson, Mr. Alexander Oskar",male,42.0,1,0,113789,52.0,,S,True,46800.0,6240.0,"male: Holverson, Mr. Alexander Oskar",not poor,red
154,384,1,1,"Holverson, Mrs. Alexander Oskar (Mary Aline Towner)",female,35.0,1,0,113789,52.0,,S,True,46800.0,6240.0,"female: Holverson, Mrs. Alexander Oskar (Mary Aline Towner)",not poor,red
155,713,1,1,"Taylor, Mr. Elmer Zebley",male,48.0,1,0,19996,52.0,C126,S,True,46800.0,6240.0,"male: Taylor, Mr. Elmer Zebley",not poor,red
156,458,1,1,"Kenyon, Mrs. Frederick R (Marion)",female,,1,0,17464,51.8625,D21,S,True,46676.25,6223.5,"female: Kenyon, Mrs. Frederick R (Marion)",not poor,red
157,7,0,1,"McCarthy, Mr. Timothy J",male,54.0,0,0,17463,51.8625,E46,S,True,46676.25,6223.5,"male: McCarthy, Mr. Timothy J",not poor,red
158,572,1,1,"Appleton, Mrs. Edward Dale (Charlotte Lamson)",female,53.0,2,0,11769,51.4792,C101,S,True,46331.28,6177.504,"female: Appleton, Mrs. Edward Dale (Charlotte Lamson)",not poor,red
159,868,0,1,"Roebling, Mr. Washington Augustus II",male,31.0,0,0,PC 17590,50.4958,A24,S,True,45446.22,6059.496,"male: Roebling, Mr. Washington Augustus II",not poor,red
160,186,0,1,"Rood, Mr. Hugh Roscoe",male,,0,0,113767,50.0,A32,S,True,45000.0,6000.0,"male: Rood, Mr. Hugh Roscoe",not poor,red
161,711,1,1,"Mayne, Mlle. Berthe Antonine (""Mrs de Villiers"")",female,24.0,0,0,PC 17482,49.5042,C90,C,True,44553.78,5940.504,"female: Mayne, Mlle. Berthe Antonine (""Mrs de Villiers"")",maybe poor,red
162,494,0,1,"Artagaveytia, Mr. Ramon",male,71.0,0,0,PC 17609,49.5042,,C,True,44553.78,5940.504,"male: Artagaveytia, Mr. Ramon",maybe poor,red
163,540,1,1,"Frolicher, Miss. Hedwig Margaritha",female,22.0,0,2,13568,49.5,B39,C,True,44550.0,5940.0,"female: Frolicher, Miss. Hedwig Margaritha",maybe poor,red
164,84,0,1,"Carrau, Mr. Francisco M",male,28.0,0,0,113059,47.1,,S,True,42390.0,5652.0,"male: Carrau, Mr. Francisco M",maybe poor,red
165,387,0,3,"Goodwin, Master. Sidney Leonard",male,1.0,5,2,CA 2144,46.9,,S,True,42210.0,5628.0,"male: Goodwin, Master. Sidney Leonard",maybe poor,blue
166,679,0,3,"Goodwin, Mrs. Frederick (Augusta Tyler)",female,43.0,1,6,CA 2144,46.9,,S,True,42210.0,5628.0,"female: Goodwin, Mrs. Frederick (Augusta Tyler)",maybe poor,blue
167,684,0,3,"Goodwin, Mr. Charles Edward",male,14.0,5,2,CA 2144,46.9,,S,True,42210.0,5628.0,"male: Goodwin, Mr. Charles Edward",maybe poor,blue
168,481,0,3,"Goodwin, Master. Harold Victor",male,9.0,5,2,CA 2144,46.9,,S,True,42210.0,5628.0,"male: Goodwin, Master. Harold Victor",maybe poor,blue
169,60,0,3,"Goodwin, Master. William Frederick",male,11.0,5,2,CA 2144,46.9,,S,True,42210.0,5628.0,"male: Goodwin, Master. William Frederick",maybe poor,blue
170,72,0,3,"Goodwin, Miss. Lillian Amy",female,16.0,5,2,CA 2144,46.9,,S,True,42210.0,5628.0,"female: Goodwin, Miss. Lillian Amy",maybe poor,blue
171,603,0,1,"Harrington, Mr. Charles H",male,,0,0,113796,42.4,,S,True,38160.0,5088.0,"male: Harrington, Mr. Charles H",maybe poor,red
172,44,1,2,"Laroche, Miss. Simonne Marie Anne Andree",female,3.0,1,2,SC/Paris 2123,41.5792,,C,True,37421.28,4989.504,"female: Laroche, Miss. Simonne Marie Anne Andree",maybe poor,green
173,686,0,2,"Laroche, Mr. Joseph Philippe Lemercier",male,25.0,1,2,SC/Paris 2123,41.5792,,C,True,37421.28,4989.504,"male: Laroche, Mr. Joseph Philippe Lemercier",maybe poor,green
174,609,1,2,"Laroche, Mrs. Joseph (Juliette Marie Louise Lafargue)",female,22.0,1,2,SC/Paris 2123,41.5792,,C,True,37421.28,4989.504,"female: Laroche, Mrs. Joseph (Juliette Marie Louise Lafargue)",maybe poor,green
175,584,0,1,"Ross, Mr. John Hugo",male,36.0,0,0,13049,40.125,A10,C,True,36112.5,4815.0,"male: Ross, Mr. John Hugo",maybe poor,red
176,267,0,3,"Panula, Mr. Ernesti Arvid",male,16.0,4,1,3101295,39.6875,,S,True,35718.75,4762.5,"male: Panula, Mr. Ernesti Arvid",maybe poor,blue
177,165,0,3,"Panula, Master. Eino Viljami",male,1.0,4,1,3101295,39.6875,,S,True,35718.75,4762.5,"male: Panula, Master. Eino Viljami",maybe poor,blue
178,51,0,3,"Panula, Master. Juha Niilo",male,7.0,4,1,3101295,39.6875,,S,True,35718.75,4762.5,"male: Panula, Master. Juha Niilo",maybe poor,blue
179,687,0,3,"Panula, Mr. Jaako Arnold",male,14.0,4,1,3101295,39.6875,,S,True,35718.75,4762.5,"male: Panula, Mr. Jaako Arnold",maybe poor,blue
180,825,0,3,"Panula, Master. Urho Abraham",male,2.0,4,1,3101295,39.6875,,S,True,35718.75,4762.5,"male: Panula, Master. Urho Abraham",maybe poor,blue
181,639,0,3,"Panula, Mrs. Juha (Maria Emilia Ojala)",female,41.0,0,5,3101295,39.6875,,S,True,35718.75,4762.5,"female: Panula, Mrs. Juha (Maria Emilia Ojala)",maybe poor,blue
182,557,1,1,"Duff Gordon, Lady. (Lucille Christiana Sutherland) (""Mrs Morgan"")",female,48.0,1,0,11755,39.6,A16,C,True,35640.0,4752.0,"female: Duff Gordon, Lady. (Lucille Christiana Sutherland) (""Mrs Morgan"")",maybe poor,red
183,767,0,1,"Brewe, Dr. Arthur Jackson",male,,0,0,112379,39.6,,C,True,35640.0,4752.0,"male: Brewe, Dr. Arthur Jackson",maybe poor,red
184,854,1,1,"Lines, Miss. Mary Conover",female,16.0,0,1,PC 17592,39.4,D28,S,True,35460.0,4728.0,"female: Lines, Miss. Mary Conover",maybe poor,red
185,619,1,2,"Becker, Miss. Marion Louise",female,4.0,2,1,230136,39.0,F4,S,True,35100.0,4680.0,"female: Becker, Miss. Marion Louise",maybe poor,green
186,685,0,2,"Brown, Mr. Thomas William Solomon",male,60.0,1,1,29750,39.0,,S,True,35100.0,4680.0,"male: Brown, Mr. Thomas William Solomon",maybe poor,green
187,671,1,2,"Brown, Mrs. Thomas William Solomon (Elizabeth Catherine Ford)",female,40.0,1,1,29750,39.0,,S,True,35100.0,4680.0,"female: Brown, Mrs. Thomas William Solomon (Elizabeth Catherine Ford)",maybe poor,green
188,184,1,2,"Becker, Master. Richard F",male,1.0,2,1,230136,39.0,F4,S,True,35100.0,4680.0,"male: Becker, Master. Richard F",maybe poor,green
189,463,0,1,"Gee, Mr. Arthur H",male,47.0,0,0,111320,38.5,E63,S,True,34650.0,4620.0,"male: Gee, Mr. Arthur H",maybe poor,red
190,828,1,2,"Mallet, Master. Andre",male,1.0,0,2,S.C./PARIS 2079,37.0042,,C,True,33303.78,4440.504,"male: Mallet, Master. Andre",maybe poor,green
191,818,0,2,"Mallet, Mr. Albert",male,31.0,1,1,S.C./PARIS 2079,37.0042,,C,True,33303.78,4440.504,"male: Mallet, Mr. Albert",maybe poor,green
192,550,1,2,"Davies, Master. John Morgan Jr",male,8.0,1,1,C.A. 33112,36.75,,S,True,33075.0,4410.0,"male: Davies, Master. John Morgan Jr",maybe poor,green
193,146,0,2,"Nicholls, Mr. Joseph Charles",male,19.0,1,1,C.A. 33112,36.75,,S,True,33075.0,4410.0,"male: Nicholls, Mr. Joseph Charles",maybe poor,green
194,56,1,1,"Woolner, Mr. Hugh",male,,0,0,19947,35.5,C52,S,True,31950.0,4260.0,"male: Woolner, Mr. Hugh",maybe poor,red
195,24,1,1,"Sloper, Mr. William Thompson",male,28.0,0,0,113788,35.5,A6,S,True,31950.0,4260.0,"male: Sloper, Mr. William Thompson",maybe poor,red
196,648,1,1,"Simonius-Blumer, Col. Oberst Alfons",male,56.0,0,0,13213,35.5,A26,C,True,31950.0,4260.0,"male: Simonius-Blumer, Col. Oberst Alfons",maybe poor,red
197,340,0,1,"Blackwell, Mr. Stephen Weart",male,45.0,0,0,113784,35.5,T,S,True,31950.0,4260.0,"male: Blackwell, Mr. Stephen Weart",maybe poor,red
198,352,0,1,"Williams-Lambert, Mr. Fletcher Fellows",male,,0,0,113510,35.0,C128,S,True,31500.0,4200.0,"male: Williams-Lambert, Mr. Fletcher Fellows",maybe poor,red
199,97,0,1,"Goldschmidt, Mr. George B",male,71.0,0,0,PC 17754,34.6542,A5,C,True,31188.780000000002,4158.504000000001,"male: Goldschmidt, Mr. George B",maybe poor,red
200,437,0,3,"Ford, Miss. Doolina Margaret ""Daisy""",female,21.0,2,2,W./C. 6608,34.375,,S,True,30937.5,4125.0,"female: Ford, Miss. Doolina Margaret ""Daisy""",maybe poor,blue
201,737,0,3,"Ford, Mrs. Edward (Margaret Ann Watson)",female,48.0,1,3,W./C. 6608,34.375,,S,True,30937.5,4125.0,"female: Ford, Mrs. Edward (Margaret Ann Watson)",maybe poor,blue
202,148,0,3,"Ford, Miss. Robina Maggie ""Ruby""",female,9.0,2,2,W./C. 6608,34.375,,S,True,30937.5,4125.0,"female: Ford, Miss. Robina Maggie ""Ruby""",maybe poor,blue
203,87,0,3,"Ford, Mr. William Neal",male,16.0,1,3,W./C. 6608,34.375,,S,True,30937.5,4125.0,"male: Ford, Mr. William Neal",maybe poor,blue
204,516,0,1,"Walker, Mr. William Anderson",male,47.0,0,0,36967,34.0208,D46,S,True,30618.72,4082.496,"male: Walker, Mr. William Anderson",maybe poor,red
205,171,0,1,"Van der hoef, Mr. Wyckoff",male,61.0,0,0,111240,33.5,B19,S,True,30150.0,4020.0,"male: Van der hoef, Mr. Wyckoff",maybe poor,red
206,849,0,2,"Harper, Rev. John",male,28.0,0,1,248727,33.0,,S,True,29700.0,3960.0,"male: Harper, Rev. John",maybe poor,green
207,721,1,2,"Harper, Miss. Annie Jessie ""Nina""",female,6.0,0,1,248727,33.0,,S,True,29700.0,3960.0,"female: Harper, Miss. Annie Jessie ""Nina""",maybe poor,green
208,597,1,2,"Leitch, Miss. Jessie Wills",female,,0,0,248727,33.0,,S,True,29700.0,3960.0,"female: Leitch, Miss. Jessie Wills",maybe poor,green
209,417,1,2,"Drew, Mrs. James Vivian (Lulu Thorne Christian)",female,34.0,1,1,28220,32.5,,S,True,29250.0,3900.0,"female: Drew, Mrs. James Vivian (Lulu Thorne Christian)",maybe poor,green
210,626,0,1,"Sutton, Mr. Frederick",male,61.0,0,0,36963,32.3208,D50,S,True,29088.719999999998,3878.4959999999996,"male: Sutton, Mr. Frederick",maybe poor,red
211,183,0,3,"Asplund, Master. Clarence Gustaf Hugo",male,9.0,4,2,347077,31.3875,,S,True,28248.75,3766.5,"male: Asplund, Master. Clarence Gustaf Hugo",maybe poor,blue
212,26,1,3,"Asplund, Mrs. Carl Oscar (Selma Augusta Emilia Johansson)",female,38.0,1,5,347077,31.3875,,S,True,28248.75,3766.5,"female: Asplund, Mrs. Carl Oscar (Selma Augusta Emilia Johansson)",maybe poor,blue
213,234,1,3,"Asplund, Miss. Lillian Gertrud",female,5.0,4,2,347077,31.3875,,S,True,28248.75,3766.5,"female: Asplund, Miss. Lillian Gertrud",maybe poor,blue
214,262,1,3,"Asplund, Master. Edvin Rojj Felix",male,3.0,4,2,347077,31.3875,,S,True,28248.75,3766.5,"male: Asplund, Master. Edvin Rojj Felix",maybe poor,blue
215,851,0,3,"Andersson, Master. Sigvard Harald Elias",male,4.0,4,2,347082,31.275,,S,True,28147.5,3753.0,"male: Andersson, Master. Sigvard Harald Elias",maybe poor,blue
216,814,0,3,"Andersson, Miss. Ebba Iris Alfrida",female,6.0,4,2,347082,31.275,,S,True,28147.5,3753.0,"female: Andersson, Miss. Ebba Iris Alfrida",maybe poor,blue
217,120,0,3,"Andersson, Miss. Ellis Anna Maria",female,2.0,4,2,347082,31.275,,S,True,28147.5,3753.0,"female: Andersson, Miss. Ellis Anna Maria",maybe poor,blue
218,543,0,3,"Andersson, Miss. Sigrid Elisabeth",female,11.0,4,2,347082,31.275,,S,True,28147.5,3753.0,"female: Andersson, Miss. Sigrid Elisabeth",maybe poor,blue
219,611,0,3,"Andersson, Mrs. Anders Johan (Alfrida Konstantia Brogren)",female,39.0,1,5,347082,31.275,,S,True,28147.5,3753.0,"female: Andersson, Mrs. Anders Johan (Alfrida Konstantia Brogren)",maybe poor,blue
220,14,0,3,"Andersson, Mr. Anders Johan",male,39.0,1,5,347082,31.275,,S,True,28147.5,3753.0,"male: Andersson, Mr. Anders Johan",maybe poor,blue
221,542,0,3,"Andersson, Miss. Ingeborg Constanzia",female,9.0,4,2,347082,31.275,,S,True,28147.5,3753.0,"female: Andersson, Miss. Ingeborg Constanzia",maybe poor,blue
222,843,1,1,"Serepeca, Miss. Augusta",female,30.0,0,0,113798,31.0,,C,True,27900.0,3720.0,"female: Serepeca, Miss. Augusta",maybe poor,red
223,271,0,1,"Cairns, Mr. Alexander",male,,0,0,113798,31.0,,S,True,27900.0,3720.0,"male: Cairns, Mr. Alexander",maybe poor,red
224,210,1,1,"Blank, Mr. Henry",male,40.0,0,0,112277,31.0,A31,C,True,27900.0,3720.0,"male: Blank, Mr. Henry",maybe poor,red
225,175,0,1,"Smith, Mr. James Clinch",male,56.0,0,0,17764,30.6958,A7,C,True,27626.219999999998,3683.4959999999996,"male: Smith, Mr. James Clinch",maybe poor,red
226,794,0,1,"Hoyt, Mr. William Fisher",male,,0,0,PC 17600,30.6958,,C,True,27626.219999999998,3683.4959999999996,"male: Hoyt, Mr. William Fisher",maybe poor,red
227,633,1,1,"Stahelin-Maeglin, Dr. Max",male,32.0,0,0,13214,30.5,B50,C,True,27450.0,3660.0,"male: Stahelin-Maeglin, Dr. Max",maybe poor,red
228,450,1,1,"Peuchen, Major. Arthur Godfrey",male,52.0,0,0,113786,30.5,C104,S,True,27450.0,3660.0,"male: Peuchen, Major. Arthur Godfrey",maybe poor,red
229,493,0,1,"Molson, Mr. Harry Markland",male,55.0,0,0,113787,30.5,C30,S,True,27450.0,3660.0,"male: Molson, Mr. Harry Markland",maybe poor,red
230,299,1,1,"Saalfeld, Mr. Adolphe",male,,0,0,19988,30.5,C106,S,True,27450.0,3660.0,"male: Saalfeld, Mr. Adolphe",maybe poor,red
231,608,1,1,"Daniel, Mr. Robert Williams",male,27.0,0,0,113804,30.5,,S,True,27450.0,3660.0,"male: Daniel, Mr. Robert Williams",maybe poor,red
232,10,1,2,"Nasser, Mrs. Nicholas (Adele Achem)",female,14.0,1,0,237736,30.0708,,C,True,27063.719999999998,3608.4959999999996,"female: Nasser, Mrs. Nicholas (Adele Achem)",maybe poor,green
233,123,0,2,"Nasser, Mr. Nicholas",male,32.5,1,0,237736,30.0708,,C,True,27063.719999999998,3608.4959999999996,"male: Nasser, Mr. Nicholas",maybe poor,green
234,783,0,1,"Long, Mr. Milton Clyde",male,29.0,0,0,113501,30.0,D6,S,True,27000.0,3600.0,"male: Long, Mr. Milton Clyde",maybe poor,red
235,581,1,2,"Christy, Miss. Julie Rachel",female,25.0,1,1,237789,30.0,,S,True,27000.0,3600.0,"female: Christy, Miss. Julie Rachel",maybe poor,green
236,888,1,1,"Graham, Miss. Margaret Edith",female,19.0,0,0,112053,30.0,B42,S,True,27000.0,3600.0,"female: Graham, Miss. Margaret Edith",maybe poor,red
237,890,1,1,"Behr, Mr. Karl Howell",male,26.0,0,0,111369,30.0,C148,C,True,27000.0,3600.0,"male: Behr, Mr. Karl Howell",maybe poor,red
238,631,1,1,"Barkworth, Mr. Algernon Henry Wilson",male,80.0,0,0,27042,30.0,A23,S,True,27000.0,3600.0,"male: Barkworth, Mr. Algernon Henry Wilson",maybe poor,red
239,741,1,1,"Hawksford, Mr. Walter James",male,,0,0,16988,30.0,D45,S,True,27000.0,3600.0,"male: Hawksford, Mr. Walter James",maybe poor,red
240,488,0,1,"Kent, Mr. Edward Austin",male,58.0,0,0,11771,29.7,B37,C,True,26730.0,3564.0,"male: Kent, Mr. Edward Austin",maybe poor,red
241,840,1,1,"Marechal, Mr. Pierre",male,,0,0,11774,29.7,C47,C,True,26730.0,3564.0,"male: Marechal, Mr. Pierre",maybe poor,red
242,274,0,1,"Natsch, Mr. Charles H",male,37.0,0,1,PC 17596,29.7,C118,C,True,26730.0,3564.0,"male: Natsch, Mr. Charles H",maybe poor,red
243,279,0,3,"Rice, Master. Eric",male,7.0,4,1,382652,29.125,,Q,True,26212.5,3495.0,"male: Rice, Master. Eric",maybe poor,blue
244,788,0,3,"Rice, Master. George Hugh",male,8.0,4,1,382652,29.125,,Q,True,26212.5,3495.0,"male: Rice, Master. George Hugh",maybe poor,blue
245,886,0,3,"Rice, Mrs. William (Margaret Norton)",female,39.0,0,5,382652,29.125,,Q,True,26212.5,3495.0,"female: Rice, Mrs. William (Margaret Norton)",maybe poor,blue
246,172,0,3,"Rice, Master. Arthur",male,4.0,4,1,382652,29.125,,Q,True,26212.5,3495.0,"male: Rice, Master. Arthur",maybe poor,blue
247,17,0,3,"Rice, Master. Eugene",male,2.0,4,1,382652,29.125,,Q,True,26212.5,3495.0,"male: Rice, Master. Eugene",maybe poor,blue
248,79,1,2,"Caldwell, Master. Alden Gates",male,0.83,0,2,248738,29.0,,S,True,26100.0,3480.0,"male: Caldwell, Master. Alden Gates",maybe poor,green
249,324,1,2,"Caldwell, Mrs. Albert Francis (Sylvia Mae Harbaugh)",female,22.0,1,1,248738,29.0,,S,True,26100.0,3480.0,"female: Caldwell, Mrs. Albert Francis (Sylvia Mae Harbaugh)",maybe poor,green
250,178,0,1,"Isham, Miss. Ann Elizabeth",female,50.0,0,0,PC 17595,28.7125,C49,C,True,25841.25,3445.5,"female: Isham, Miss. Ann Elizabeth",maybe poor,red
251,332,0,1,"Partner, Mr. Austen",male,45.5,0,0,113043,28.5,C124,S,True,25650.0,3420.0,"male: Partner, Mr. Austen",maybe poor,red
252,820,0,3,"Skoog, Master. Karl Thorsten",male,10.0,3,2,347088,27.9,,S,True,25110.0,3348.0,"male: Skoog, Master. Karl Thorsten",maybe poor,blue
253,168,0,3,"Skoog, Mrs. William (Anna Bernhardina Karlsson)",female,45.0,1,4,347088,27.9,,S,True,25110.0,3348.0,"female: Skoog, Mrs. William (Anna Bernhardina Karlsson)",maybe poor,blue
254,635,0,3,"Skoog, Miss. Mabel",female,9.0,3,2,347088,27.9,,S,True,25110.0,3348.0,"female: Skoog, Miss. Mabel",maybe poor,blue
255,643,0,3,"Skoog, Miss. Margit Elizabeth",female,2.0,3,2,347088,27.9,,S,True,25110.0,3348.0,"female: Skoog, Miss. Margit Elizabeth",maybe poor,blue
256,361,0,3,"Skoog, Mr. Wilhelm",male,40.0,1,4,347088,27.9,,S,True,25110.0,3348.0,"male: Skoog, Mr. Wilhelm",maybe poor,blue
257,64,0,3,"Skoog, Master. Harald",male,4.0,3,2,347088,27.9,,S,True,25110.0,3348.0,"male: Skoog, Master. Harald",maybe poor,blue
258,453,0,1,"Foreman, Mr. Benjamin Laventall",male,30.0,0,0,113051,27.75,C111,C,True,24975.0,3330.0,"male: Foreman, Mr. Benjamin Laventall",maybe poor,red
259,59,1,2,"West, Miss. Constance Mirium",female,5.0,1,2,C.A. 34651,27.75,,S,True,24975.0,3330.0,"female: West, Miss. Constance Mirium",maybe poor,green
260,473,1,2,"West, Mrs. Edwy Arthur (Ada Mary Worth)",female,33.0,1,2,C.A. 34651,27.75,,S,True,24975.0,3330.0,"female: West, Mrs. Edwy Arthur (Ada Mary Worth)",maybe poor,green
261,451,0,2,"West, Mr. Edwy Arthur",male,36.0,1,2,C.A. 34651,27.75,,S,True,24975.0,3330.0,"male: West, Mr. Edwy Arthur",maybe poor,green
262,65,0,1,"Stewart, Mr. Albert A",male,,0,0,PC 17605,27.7208,,C,True,24948.72,3326.496,"male: Stewart, Mr. Albert A",maybe poor,red
263,31,0,1,"Uruchurtu, Don. Manuel E",male,40.0,0,0,PC 17601,27.7208,,C,True,24948.72,3326.496,"male: Uruchurtu, Don. Manuel E",maybe poor,red
264,195,1,1,"Brown, Mrs. James Joseph (Margaret Tobin)",female,44.0,0,0,PC 17610,27.7208,B4,C,True,24948.72,3326.496,"female: Brown, Mrs. James Joseph (Margaret Tobin)",maybe poor,red
265,362,0,2,"del Carlo, Mr. Sebastiano",male,29.0,1,0,SC/PARIS 2167,27.7208,,C,True,24948.72,3326.496,"male: del Carlo, Mr. Sebastiano",maybe poor,green
266,296,0,1,"Lewy, Mr. Ervin G",male,,0,0,PC 17612,27.7208,,C,True,24948.72,3326.496,"male: Lewy, Mr. Ervin G",maybe poor,red
267,218,0,2,"Jacobsohn, Mr. Sidney Samuel",male,42.0,1,0,243847,27.0,,S,True,24300.0,3240.0,"male: Jacobsohn, Mr. Sidney Samuel",maybe poor,green
268,601,1,2,"Jacobsohn, Mrs. Sidney Samuel (Amy Frances Christy)",female,24.0,2,1,243847,27.0,,S,True,24300.0,3240.0,"female: Jacobsohn, Mrs. Sidney Samuel (Amy Frances Christy)",maybe poor,green
269,858,1,1,"Daly, Mr. Peter Denis ",male,51.0,0,0,113055,26.55,E17,S,True,23895.0,3186.0,"male: Daly, Mr. Peter Denis ",maybe poor,red
270,712,0,1,"Klaber, Mr. Herman",male,,0,0,113028,26.55,C124,S,True,23895.0,3186.0,"male: Klaber, Mr. Herman",maybe poor,red
271,508,1,1,"Bradley, Mr. George (""George Arthur Brayton"")",male,,0,0,111427,26.55,,S,True,23895.0,3186.0,"male: Bradley, Mr. George (""George Arthur Brayton"")",maybe poor,red
272,468,0,1,"Smart, Mr. John Montgomery",male,56.0,0,0,113792,26.55,,S,True,23895.0,3186.0,"male: Smart, Mr. John Montgomery",maybe poor,red
273,537,0,1,"Butt, Major. Archibald Willingham",male,45.0,0,0,113050,26.55,B38,S,True,23895.0,3186.0,"male: Butt, Major. Archibald Willingham",maybe poor,red
274,188,1,1,"Romaine, Mr. Charles Hallace (""Mr C Rolmane"")",male,45.0,0,0,111428,26.55,,S,True,23895.0,3186.0,"male: Romaine, Mr. Charles Hallace (""Mr C Rolmane"")",maybe poor,red
275,448,1,1,"Seward, Mr. Frederic Kimber",male,34.0,0,0,113794,26.55,,S,True,23895.0,3186.0,"male: Seward, Mr. Frederic Kimber",maybe poor,red
276,461,1,1,"Anderson, Mr. Harry",male,48.0,0,0,19952,26.55,E12,S,True,23895.0,3186.0,"male: Anderson, Mr. Harry",maybe poor,red
277,12,1,1,"Bonnell, Miss. Elizabeth",female,58.0,0,0,113783,26.55,C103,S,True,23895.0,3186.0,"female: Bonnell, Miss. Elizabeth",maybe poor,red
278,253,0,1,"Stead, Mr. William Thomas",male,62.0,0,0,113514,26.55,C87,S,True,23895.0,3186.0,"male: Stead, Mr. William Thomas",maybe poor,red
279,556,0,1,"Wright, Mr. George",male,62.0,0,0,113807,26.55,,S,True,23895.0,3186.0,"male: Wright, Mr. George",maybe poor,red
280,695,0,1,"Weir, Col. John",male,60.0,0,0,113800,26.55,,S,True,23895.0,3186.0,"male: Weir, Col. John",maybe poor,red
281,457,0,1,"Millet, Mr. Francis Davis",male,65.0,0,0,13509,26.55,E38,S,True,23895.0,3186.0,"male: Millet, Mr. Francis Davis",maybe poor,red
282,431,1,1,"Bjornstrom-Steffansson, Mr. Mauritz Hakan",male,28.0,0,0,110564,26.55,C52,S,True,23895.0,3186.0,"male: Bjornstrom-Steffansson, Mr. Mauritz Hakan",maybe poor,red
283,605,1,1,"Homer, Mr. Harry (""Mr E Haven"")",male,35.0,0,0,111426,26.55,,C,True,23895.0,3186.0,"male: Homer, Mr. Harry (""Mr E Haven"")",maybe poor,red
284,573,1,1,"Flynn, Mr. John Irwin (""Irving"")",male,36.0,0,0,PC 17474,26.3875,E25,S,True,23748.75,3166.5,"male: Flynn, Mr. John Irwin (""Irving"")",maybe poor,red
285,702,1,1,"Silverthorne, Mr. Spencer Victor",male,35.0,0,0,PC 17475,26.2875,E24,S,True,23658.75,3154.5,"male: Silverthorne, Mr. Spencer Victor",maybe poor,red
286,708,1,1,"Calderhead, Mr. Edward Pennington",male,42.0,0,0,PC 17476,26.2875,E24,S,True,23658.75,3154.5,"male: Calderhead, Mr. Edward Pennington",maybe poor,red
287,513,1,1,"McGough, Mr. James Robert",male,36.0,0,0,PC 17473,26.2875,E25,S,True,23658.75,3154.5,"male: McGough, Mr. James Robert",maybe poor,red
288,137,1,1,"Newsom, Miss. Helen Monypeny",female,19.0,0,2,11752,26.2833,D47,S,True,23654.97,3153.996,"female: Newsom, Miss. Helen Monypeny",maybe poor,red
289,536,1,2,"Hart, Miss. Eva Miriam",female,7.0,0,2,F.C.C. 13529,26.25,,S,True,23625.0,3150.0,"female: Hart, Miss. Eva Miriam",maybe poor,green
290,315,0,2,"Hart, Mr. Benjamin",male,43.0,1,1,F.C.C. 13529,26.25,,S,True,23625.0,3150.0,"male: Hart, Mr. Benjamin",maybe poor,green
291,802,1,2,"Collyer, Mrs. Harvey (Charlotte Annie Tate)",female,31.0,1,1,C.A. 31921,26.25,,S,True,23625.0,3150.0,"female: Collyer, Mrs. Harvey (Charlotte Annie Tate)",maybe poor,green
292,238,1,2,"Collyer, Miss. Marjorie ""Lottie""",female,8.0,0,2,C.A. 31921,26.25,,S,True,23625.0,3150.0,"female: Collyer, Miss. Marjorie ""Lottie""",maybe poor,green
293,638,0,2,"Collyer, Mr. Harvey",male,31.0,1,1,C.A. 31921,26.25,,S,True,23625.0,3150.0,"male: Collyer, Mr. Harvey",maybe poor,green
294,441,1,2,"Hart, Mrs. Benjamin (Esther Ada Bloomfield)",female,45.0,1,1,F.C.C. 13529,26.25,,S,True,23625.0,3150.0,"female: Hart, Mrs. Benjamin (Esther Ada Bloomfield)",maybe poor,green
295,729,0,2,"Bryhl, Mr. Kurt Arnold Gottfrid",male,25.0,1,0,236853,26.0,,S,True,23400.0,3120.0,"male: Bryhl, Mr. Kurt Arnold Gottfrid",maybe poor,green
296,546,0,1,"Nicholson, Mr. Arthur Ernest",male,64.0,0,0,693,26.0,,S,True,23400.0,3120.0,"male: Nicholson, Mr. Arthur Ernest",maybe poor,red
297,427,1,2,"Clarke, Mrs. Charles V (Ada Maria Winfield)",female,28.0,1,0,2003,26.0,,S,True,23400.0,3120.0,"female: Clarke, Mrs. Charles V (Ada Maria Winfield)",maybe poor,green
298,260,1,2,"Parrish, Mrs. (Lutie Davis)",female,50.0,0,1,230433,26.0,,S,True,23400.0,3120.0,"female: Parrish, Mrs. (Lutie Davis)",maybe poor,green
299,881,1,2,"Shelley, Mrs. William (Imanita Parrish Hall)",female,25.0,0,1,230433,26.0,,S,True,23400.0,3120.0,"female: Shelley, Mrs. William (Imanita Parrish Hall)",maybe poor,green
300,54,1,2,"Faunthorpe, Mrs. Lizzie (Elizabeth Anne Wilkinson)",female,29.0,1,0,2926,26.0,,S,True,23400.0,3120.0,"female: Faunthorpe, Mrs. Lizzie (Elizabeth Anne Wilkinson)",maybe poor,green
301,313,0,2,"Lahtinen, Mrs. William (Anna Sylfven)",female,26.0,1,1,250651,26.0,,S,True,23400.0,3120.0,"female: Lahtinen, Mrs. William (Anna Sylfven)",maybe poor,green
302,250,0,2,"Carter, Rev. Ernest Courtenay",male,54.0,1,0,244252,26.0,,S,True,23400.0,3120.0,"male: Carter, Rev. Ernest Courtenay",maybe poor,green
303,583,0,2,"Downton, Mr. William James",male,54.0,0,0,28403,26.0,,S,True,23400.0,3120.0,"male: Downton, Mr. William James",maybe poor,green
304,552,0,2,"Sharp, Mr. Percival James R",male,27.0,0,0,244358,26.0,,S,True,23400.0,3120.0,"male: Sharp, Mr. Percival James R",maybe poor,green
305,792,0,2,"Gaskell, Mr. Alfred",male,16.0,0,0,239865,26.0,,S,True,23400.0,3120.0,"male: Gaskell, Mr. Alfred",maybe poor,green
306,237,0,2,"Hold, Mr. Stephen",male,44.0,1,0,26707,26.0,,S,True,23400.0,3120.0,"male: Hold, Mr. Stephen",maybe poor,green
307,531,1,2,"Quick, Miss. Phyllis May",female,2.0,1,1,26360,26.0,,S,True,23400.0,3120.0,"female: Quick, Miss. Phyllis May",maybe poor,green
308,433,1,2,"Louch, Mrs. Charles Alexander (Alice Adelaide Slow)",female,42.0,1,0,SC/AH 3085,26.0,,S,True,23400.0,3120.0,"female: Louch, Mrs. Charles Alexander (Alice Adelaide Slow)",maybe poor,green
309,21,0,2,"Fynney, Mr. Joseph J",male,35.0,0,0,239865,26.0,,S,True,23400.0,3120.0,"male: Fynney, Mr. Joseph J",maybe poor,green
310,519,1,2,"Angle, Mrs. William A (Florence ""Mary"" Agnes Hughes)",female,36.0,1,0,226875,26.0,,S,True,23400.0,3120.0,"female: Angle, Mrs. William A (Florence ""Mary"" Agnes Hughes)",maybe poor,green
311,100,0,2,"Kantor, Mr. Sinai",male,34.0,1,0,244367,26.0,,S,True,23400.0,3120.0,"male: Kantor, Mr. Sinai",maybe poor,green
312,547,1,2,"Beane, Mrs. Edward (Ethel Clarke)",female,19.0,1,0,2908,26.0,,S,True,23400.0,3120.0,"female: Beane, Mrs. Edward (Ethel Clarke)",maybe poor,green
313,149,0,2,"Navratil, Mr. Michel (""Louis M Hoffman"")",male,36.5,0,2,230080,26.0,F2,S,True,23400.0,3120.0,"male: Navratil, Mr. Michel (""Louis M Hoffman"")",maybe poor,green
314,595,0,2,"Chapman, Mr. John Henry",male,37.0,1,0,SC/AH 29037,26.0,,S,True,23400.0,3120.0,"male: Chapman, Mr. John Henry",maybe poor,green
315,507,1,2,"Quick, Mrs. Frederick Charles (Jane Richards)",female,33.0,0,2,26360,26.0,,S,True,23400.0,3120.0,"female: Quick, Mrs. Frederick Charles (Jane Richards)",maybe poor,green
316,428,1,2,"Phillips, Miss. Kate Florence (""Mrs Kate Louise Phillips Marshall"")",female,19.0,0,0,250655,26.0,,S,True,23400.0,3120.0,"female: Phillips, Miss. Kate Florence (""Mrs Kate Louise Phillips Marshall"")",maybe poor,green
317,706,0,2,"Morley, Mr. Henry Samuel (""Mr Henry Marshall"")",male,39.0,0,0,250655,26.0,,S,True,23400.0,3120.0,"male: Morley, Mr. Henry Samuel (""Mr Henry Marshall"")",maybe poor,green
318,194,1,2,"Navratil, Master. Michel M",male,3.0,1,1,230080,26.0,F2,S,True,23400.0,3120.0,"male: Navratil, Master. Michel M",maybe poor,green
319,544,1,2,"Beane, Mr. Edward",male,32.0,1,0,2908,26.0,,S,True,23400.0,3120.0,"male: Beane, Mr. Edward",maybe poor,green
320,341,1,2,"Navratil, Master. Edmond Roger",male,2.0,1,1,230080,26.0,F2,S,True,23400.0,3120.0,"male: Navratil, Master. Edmond Roger",maybe poor,green
321,134,1,2,"Weisz, Mrs. Leopold (Mathilde Francoise Pede)",female,29.0,1,0,228414,26.0,,S,True,23400.0,3120.0,"female: Weisz, Mrs. Leopold (Mathilde Francoise Pede)",maybe poor,green
322,855,0,2,"Carter, Mrs. Ernest Courtenay (Lilian Hughes)",female,44.0,1,0,244252,26.0,,S,True,23400.0,3120.0,"female: Carter, Mrs. Ernest Courtenay (Lilian Hughes)",maybe poor,green
323,317,1,2,"Kantor, Mrs. Sinai (Miriam Sternin)",female,24.0,1,0,244367,26.0,,S,True,23400.0,3120.0,"female: Kantor, Mrs. Sinai (Miriam Sternin)",maybe poor,green
324,285,0,1,"Smith, Mr. Richard William",male,,0,0,113056,26.0,A19,S,True,23400.0,3120.0,"male: Smith, Mr. Richard William",maybe poor,red
325,398,0,2,"McKane, Mr. Peter David",male,46.0,0,0,28403,26.0,,S,True,23400.0,3120.0,"male: McKane, Mr. Peter David",maybe poor,green
326,863,1,1,"Swift, Mrs. Frederick Joel (Margaret Welles Barron)",female,48.0,0,0,17466,25.9292,D17,S,True,23336.280000000002,3111.5040000000004,"female: Swift, Mrs. Frederick Joel (Margaret Welles Barron)",maybe poor,red
327,797,1,1,"Leader, Dr. Alice (Farnham)",female,49.0,0,0,17465,25.9292,D17,S,True,23336.280000000002,3111.5040000000004,"female: Leader, Dr. Alice (Farnham)",maybe poor,red
328,169,0,1,"Baumann, Mr. John D",male,,0,0,PC 17318,25.925,,S,True,23332.5,3111.0,"male: Baumann, Mr. John D",maybe poor,red
329,663,0,1,"Colley, Mr. Edward Pomeroy",male,47.0,0,0,5727,25.5875,E58,S,True,23028.75,3070.5,"male: Colley, Mr. Edward Pomeroy",maybe poor,red
330,410,0,3,"Lefebre, Miss. Ida",female,,3,1,4133,25.4667,,S,True,22920.03,3056.004,"female: Lefebre, Miss. Ida",maybe poor,blue
331,177,0,3,"Lefebre, Master. Henry Forbes",male,,3,1,4133,25.4667,,S,True,22920.03,3056.004,"male: Lefebre, Master. Henry Forbes",maybe poor,blue
332,230,0,3,"Lefebre, Miss. Mathilde",female,,3,1,4133,25.4667,,S,True,22920.03,3056.004,"female: Lefebre, Miss. Mathilde",maybe poor,blue
333,486,0,3,"Lefebre, Miss. Jeannie",female,,3,1,4133,25.4667,,S,True,22920.03,3056.004,"female: Lefebre, Miss. Jeannie",maybe poor,blue
334,800,0,3,"Van Impe, Mrs. Jean Baptiste (Rosalie Paula Govaert)",female,30.0,1,1,345773,24.15,,S,True,21735.0,2898.0,"female: Van Impe, Mrs. Jean Baptiste (Rosalie Paula Govaert)",maybe poor,blue
335,420,0,3,"Van Impe, Miss. Catharina",female,10.0,0,2,345773,24.15,,S,True,21735.0,2898.0,"female: Van Impe, Miss. Catharina",maybe poor,blue
336,596,0,3,"Van Impe, Mr. Jean Baptiste",male,36.0,1,1,345773,24.15,,S,True,21735.0,2898.0,"male: Van Impe, Mr. Jean Baptiste",maybe poor,blue
337,566,0,3,"Davies, Mr. Alfred J",male,24.0,2,0,A/4 48871,24.15,,S,True,21735.0,2898.0,"male: Davies, Mr. Alfred J",maybe poor,blue
338,110,1,3,"Moran, Miss. Bertha",female,,1,0,371110,24.15,,Q,True,21735.0,2898.0,"female: Moran, Miss. Bertha",maybe poor,blue
339,769,0,3,"Moran, Mr. Daniel J",male,,1,0,371110,24.15,,Q,True,21735.0,2898.0,"male: Moran, Mr. Daniel J",maybe poor,blue
340,812,0,3,"Lester, Mr. James",male,39.0,0,0,A/4 48871,24.15,,S,True,21735.0,2898.0,"male: Lester, Mr. James",maybe poor,blue
341,518,0,3,"Ryan, Mr. Patrick",male,,0,0,371110,24.15,,Q,True,21735.0,2898.0,"male: Ryan, Mr. Patrick",maybe poor,blue
342,875,1,2,"Abelson, Mrs. Samuel (Hannah Wizosky)",female,28.0,1,0,P/PP 3381,24.0,,C,True,21600.0,2880.0,"female: Abelson, Mrs. Samuel (Hannah Wizosky)",maybe poor,green
343,309,0,2,"Abelson, Mr. Samuel",male,30.0,1,0,P/PP 3381,24.0,,C,True,21600.0,2880.0,"male: Abelson, Mr. Samuel",maybe poor,green
344,784,0,3,"Johnston, Mr. Andrew G",male,,1,2,W./C. 6607,23.45,,S,True,21105.0,2814.0,"male: Johnston, Mr. Andrew G",maybe poor,blue
345,889,0,3,"Johnston, Miss. Catherine Helen ""Carrie""",female,,1,2,W./C. 6607,23.45,,S,True,21105.0,2814.0,"female: Johnston, Miss. Catherine Helen ""Carrie""",maybe poor,blue
346,331,1,3,"McCoy, Miss. Agnes",female,,2,0,367226,23.25,,Q,True,20925.0,2790.0,"female: McCoy, Miss. Agnes",maybe poor,blue
347,302,1,3,"McCoy, Mr. Bernard",male,,2,0,367226,23.25,,Q,True,20925.0,2790.0,"male: McCoy, Mr. Bernard",maybe poor,blue
348,751,1,2,"Wells, Miss. Joan",female,4.0,1,1,29103,23.0,,S,True,20700.0,2760.0,"female: Wells, Miss. Joan",maybe poor,green
349,99,1,2,"Doling, Mrs. John T (Ada Julia Bone)",female,34.0,0,1,231919,23.0,,S,True,20700.0,2760.0,"female: Doling, Mrs. John T (Ada Julia Bone)",maybe poor,green
350,652,1,2,"Doling, Miss. Elsie",female,18.0,0,1,231919,23.0,,S,True,20700.0,2760.0,"female: Doling, Miss. Elsie",maybe poor,green
351,775,1,2,"Hocking, Mrs. Elizabeth (Eliza Needs)",female,54.0,1,3,29105,23.0,,S,True,20700.0,2760.0,"female: Hocking, Mrs. Elizabeth (Eliza Needs)",maybe poor,green
352,509,0,3,"Olsen, Mr. Henry Margido",male,28.0,0,0,C 4001,22.525,,S,True,20272.5,2703.0,"male: Olsen, Mr. Henry Margido",maybe poor,blue
353,534,1,3,"Peter, Mrs. Catherine (Catherine Rizk)",female,,0,2,2668,22.3583,,C,True,20122.47,2682.996,"female: Peter, Mrs. Catherine (Catherine Rizk)",maybe poor,blue
354,129,1,3,"Peter, Miss. Anna",female,,1,1,2668,22.3583,F E69,C,True,20122.47,2682.996,"female: Peter, Miss. Anna",maybe poor,blue
355,185,1,3,"Kink-Heilmann, Miss. Luise Gretchen",female,4.0,0,2,315153,22.025,,S,True,19822.5,2643.0,"female: Kink-Heilmann, Miss. Luise Gretchen",maybe poor,blue
356,49,0,3,"Samaan, Mr. Youssef",male,,2,0,2662,21.6792,,C,True,19511.280000000002,2601.5040000000004,"male: Samaan, Mr. Youssef",maybe poor,blue
357,375,0,3,"Palsson, Miss. Stina Viola",female,3.0,3,1,349909,21.075,,S,True,18967.5,2529.0,"female: Palsson, Miss. Stina Viola",maybe poor,blue
358,8,0,3,"Palsson, Master. Gosta Leonard",male,2.0,3,1,349909,21.075,,S,True,18967.5,2529.0,"male: Palsson, Master. Gosta Leonard",maybe poor,blue
359,568,0,3,"Palsson, Mrs. Nils (Alma Cornelia Berglund)",female,29.0,0,4,349909,21.075,,S,True,18967.5,2529.0,"female: Palsson, Mrs. Nils (Alma Cornelia Berglund)",maybe poor,blue
360,25,0,3,"Palsson, Miss. Torborg Danira",female,8.0,3,1,349909,21.075,,S,True,18967.5,2529.0,"female: Palsson, Miss. Torborg Danira",maybe poor,blue
361,118,0,2,"Turpin, Mr. William John Robert",male,29.0,1,0,11668,21.0,,S,True,18900.0,2520.0,"male: Turpin, Mr. William John Robert",maybe poor,green
362,42,0,2,"Turpin, Mrs. William John Robert (Dorothy Ann Wonnacott)",female,27.0,1,0,11668,21.0,,S,True,18900.0,2520.0,"female: Turpin, Mrs. William John Robert (Dorothy Ann Wonnacott)",maybe poor,green
363,477,0,2,"Renouf, Mr. Peter Henry",male,34.0,1,0,31027,21.0,,S,True,18900.0,2520.0,"male: Renouf, Mr. Peter Henry",maybe poor,green
364,727,1,2,"Renouf, Mrs. Peter Henry (Lillian Jefferys)",female,30.0,3,0,31027,21.0,,S,True,18900.0,2520.0,"female: Renouf, Mrs. Peter Henry (Lillian Jefferys)",maybe poor,green
365,406,0,2,"Gale, Mr. Shadrach",male,34.0,1,0,28664,21.0,,S,True,18900.0,2520.0,"male: Gale, Mr. Shadrach",maybe poor,green
366,212,1,2,"Cameron, Miss. Clear Annie",female,35.0,0,0,F.C.C. 13528,21.0,,S,True,18900.0,2520.0,"female: Cameron, Miss. Clear Annie",maybe poor,green
367,789,1,3,"Dean, Master. Bertram Vere",male,1.0,1,2,C.A. 2315,20.575,,S,True,18517.5,2469.0,"male: Dean, Master. Bertram Vere",maybe poor,blue
368,94,0,3,"Dean, Mr. Bertram Frank",male,26.0,1,2,C.A. 2315,20.575,,S,True,18517.5,2469.0,"male: Dean, Mr. Bertram Frank",maybe poor,blue
369,549,0,3,"Goldsmith, Mr. Frank John",male,33.0,1,1,363291,20.525,,S,True,18472.5,2463.0,"male: Goldsmith, Mr. Frank John",maybe poor,blue
370,166,1,3,"Goldsmith, Master. Frank John William ""Frankie""",male,9.0,0,2,363291,20.525,,S,True,18472.5,2463.0,"male: Goldsmith, Master. Frank John William ""Frankie""",maybe poor,blue
371,329,1,3,"Goldsmith, Mrs. Frank John (Emily Alice Brown)",female,31.0,1,1,363291,20.525,,S,True,18472.5,2463.0,"female: Goldsmith, Mrs. Frank John (Emily Alice Brown)",maybe poor,blue
372,747,0,3,"Abbott, Mr. Rossmore Edward",male,16.0,1,1,C.A. 2673,20.25,,S,True,18225.0,2430.0,"male: Abbott, Mr. Rossmore Edward",maybe poor,blue
373,280,1,3,"Abbott, Mrs. Stanton (Rosa Hunt)",female,35.0,1,1,C.A. 2673,20.25,,S,True,18225.0,2430.0,"female: Abbott, Mrs. Stanton (Rosa Hunt)",maybe poor,blue
374,425,0,3,"Rosblom, Mr. Viktor Richard",male,18.0,1,1,370129,20.2125,,S,True,18191.25,2425.5,"male: Rosblom, Mr. Viktor Richard",maybe poor,blue
375,255,0,3,"Rosblom, Mrs. Viktor (Helena Wilhelmina)",female,41.0,0,2,370129,20.2125,,S,True,18191.25,2425.5,"female: Rosblom, Mrs. Viktor (Helena Wilhelmina)",maybe poor,blue
376,491,0,3,"Hagland, Mr. Konrad Mathias Reiersen",male,,1,0,65304,19.9667,,S,True,17970.03,2396.004,"male: Hagland, Mr. Konrad Mathias Reiersen",maybe poor,blue
377,452,0,3,"Hagland, Mr. Ingvald Olai Olsen",male,,1,0,65303,19.9667,,S,True,17970.03,2396.004,"male: Hagland, Mr. Ingvald Olai Olsen",maybe poor,blue
378,273,1,2,"Mellinger, Mrs. (Elizabeth Anne Maidment)",female,41.0,0,1,250644,19.5,,S,True,17550.0,2340.0,"female: Mellinger, Mrs. (Elizabeth Anne Maidment)",maybe poor,green
379,447,1,2,"Mellinger, Miss. Madeleine Violet",female,13.0,0,1,250644,19.5,,S,True,17550.0,2340.0,"female: Mellinger, Miss. Madeleine Violet",maybe poor,green
380,859,1,3,"Baclini, Mrs. Solomon (Latifa Qurban)",female,24.0,0,3,2666,19.2583,,C,True,17332.469999999998,2310.9959999999996,"female: Baclini, Mrs. Solomon (Latifa Qurban)",maybe poor,blue
381,449,1,3,"Baclini, Miss. Marie Catherine",female,5.0,2,1,2666,19.2583,,C,True,17332.469999999998,2310.9959999999996,"female: Baclini, Miss. Marie Catherine",maybe poor,blue
382,645,1,3,"Baclini, Miss. Eugenie",female,0.75,2,1,2666,19.2583,,C,True,17332.469999999998,2310.9959999999996,"female: Baclini, Miss. Eugenie",maybe poor,blue
383,470,1,3,"Baclini, Miss. Helene Barbara",female,0.75,2,1,2666,19.2583,,C,True,17332.469999999998,2310.9959999999996,"female: Baclini, Miss. Helene Barbara",maybe poor,blue
384,732,0,3,"Hassan, Mr. Houssein G N",male,11.0,0,0,2699,18.7875,,C,True,16908.75,2254.5,"male: Hassan, Mr. Houssein G N",maybe poor,blue
385,208,1,3,"Albimona, Mr. Nassef Cassem",male,26.0,0,0,2699,18.7875,,C,True,16908.75,2254.5,"male: Albimona, Mr. Nassef Cassem",maybe poor,blue
386,438,1,2,"Richards, Mrs. Sidney (Emily Hocking)",female,24.0,2,3,29106,18.75,,S,True,16875.0,2250.0,"female: Richards, Mrs. Sidney (Emily Hocking)",maybe poor,green
387,408,1,2,"Richards, Master. William Rowe",male,3.0,1,1,29106,18.75,,S,True,16875.0,2250.0,"male: Richards, Master. William Rowe",maybe poor,green
388,832,1,2,"Richards, Master. George Sibley",male,0.83,1,1,29106,18.75,,S,True,16875.0,2250.0,"male: Richards, Master. George Sibley",maybe poor,green
389,19,0,3,"Vander Planke, Mrs. Julius (Emelia Maria Vandemoortele)",female,31.0,1,0,345763,18.0,,S,True,16200.0,2160.0,"female: Vander Planke, Mrs. Julius (Emelia Maria Vandemoortele)",maybe poor,blue
390,334,0,3,"Vander Planke, Mr. Leo Edmondus",male,16.0,2,0,345764,18.0,,S,True,16200.0,2160.0,"male: Vander Planke, Mr. Leo Edmondus",maybe poor,blue
391,39,0,3,"Vander Planke, Miss. Augusta Maria",female,18.0,2,0,345764,18.0,,S,True,16200.0,2160.0,"female: Vander Planke, Miss. Augusta Maria",maybe poor,blue
392,354,0,3,"Arnold-Franchi, Mr. Josef",male,25.0,1,0,349237,17.8,,S,True,16020.0,2136.0,"male: Arnold-Franchi, Mr. Josef",maybe poor,blue
393,50,0,3,"Arnold-Franchi, Mrs. Josef (Josefine Franchi)",female,18.0,1,0,349237,17.8,,S,True,16020.0,2136.0,"female: Arnold-Franchi, Mrs. Josef (Josefine Franchi)",maybe poor,blue
394,560,1,3,"de Messemaeker, Mrs. Guillaume Joseph (Emma)",female,36.0,1,0,345572,17.4,,S,True,15659.999999999998,2088.0,"female: de Messemaeker, Mrs. Guillaume Joseph (Emma)",maybe poor,blue
395,11,1,3,"Sandstrom, Miss. Marguerite Rut",female,4.0,1,1,PP 9549,16.7,G6,S,True,15030.0,2004.0,"female: Sandstrom, Miss. Marguerite Rut",maybe poor,blue
396,395,1,3,"Sandstrom, Mrs. Hjalmar (Agnes Charlotta Bengtsson)",female,24.0,0,2,PP 9549,16.7,G6,S,True,15030.0,2004.0,"female: Sandstrom, Mrs. Hjalmar (Agnes Charlotta Bengtsson)",maybe poor,blue
397,161,0,3,"Cribb, Mr. John Hatfield",male,44.0,0,1,371362,16.1,,S,True,14490.000000000002,1932.0000000000002,"male: Cribb, Mr. John Hatfield",maybe poor,blue
398,625,0,3,"Bowen, Mr. David John ""Dai""",male,21.0,0,0,54636,16.1,,S,True,14490.000000000002,1932.0000000000002,"male: Bowen, Mr. David John ""Dai""",maybe poor,blue
399,254,0,3,"Lobb, Mr. William Arthur",male,30.0,1,0,A/5. 3336,16.1,,S,True,14490.000000000002,1932.0000000000002,"male: Lobb, Mr. William Arthur",maybe poor,blue
400,618,0,3,"Lobb, Mrs. William Arthur (Cordelia K Stanlick)",female,26.0,1,0,A/5. 3336,16.1,,S,True,14490.000000000002,1932.0000000000002,"female: Lobb, Mrs. William Arthur (Cordelia K Stanlick)",maybe poor,blue
401,736,0,3,"Williams, Mr. Leslie",male,28.5,0,0,54636,16.1,,S,True,14490.000000000002,1932.0000000000002,"male: Williams, Mr. Leslie",maybe poor,blue
402,744,0,3,"McNamee, Mr. Neal",male,24.0,1,0,376566,16.1,,S,True,14490.000000000002,1932.0000000000002,"male: McNamee, Mr. Neal",maybe poor,blue
403,348,1,3,"Davison, Mrs. Thomas Henry (Mary E Finck)",female,,1,0,386525,16.1,,S,True,14490.000000000002,1932.0000000000002,"female: Davison, Mrs. Thomas Henry (Mary E Finck)",maybe poor,blue
404,640,0,3,"Thorneycroft, Mr. Percival",male,,1,0,376564,16.1,,S,True,14490.000000000002,1932.0000000000002,"male: Thorneycroft, Mr. Percival",maybe poor,blue
405,432,1,3,"Thorneycroft, Mrs. Percival (Florence Kate White)",female,,1,0,376564,16.1,,S,True,14490.000000000002,1932.0000000000002,"female: Thorneycroft, Mrs. Percival (Florence Kate White)",maybe poor,blue
406,16,1,2,"Hewlett, Mrs. (Mary D Kingcome) ",female,55.0,0,0,248706,16.0,,S,True,14400.0,1920.0,"female: Hewlett, Mrs. (Mary D Kingcome) ",maybe poor,green
407,490,1,3,"Coutts, Master. Eden Leslie ""Neville""",male,9.0,1,1,C.A. 37671,15.9,,S,True,14310.0,1908.0,"male: Coutts, Master. Eden Leslie ""Neville""",maybe poor,blue
408,349,1,3,"Coutts, Master. William Loch ""William""",male,3.0,1,1,C.A. 37671,15.9,,S,True,14310.0,1908.0,"male: Coutts, Master. William Loch ""William""",maybe poor,blue
409,207,0,3,"Backstrom, Mr. Karl Alfred",male,32.0,1,0,3101278,15.85,,S,True,14265.0,1902.0,"male: Backstrom, Mr. Karl Alfred",maybe poor,blue
410,404,0,3,"Hakkarainen, Mr. Pekka Pietari",male,28.0,1,0,STON/O2. 3101279,15.85,,S,True,14265.0,1902.0,"male: Hakkarainen, Mr. Pekka Pietari",maybe poor,blue
411,86,1,3,"Backstrom, Mrs. Karl Alfred (Maria Mathilda Gustafsson)",female,33.0,3,0,3101278,15.85,,S,True,14265.0,1902.0,"female: Backstrom, Mrs. Karl Alfred (Maria Mathilda Gustafsson)",maybe poor,blue
412,143,1,3,"Hakkarainen, Mrs. Pekka Pietari (Elin Matilda Dolck)",female,24.0,1,0,STON/O2. 3101279,15.85,,S,True,14265.0,1902.0,"female: Hakkarainen, Mrs. Pekka Pietari (Elin Matilda Dolck)",maybe poor,blue
413,162,1,2,"Watt, Mrs. James (Elizabeth ""Bessie"" Inglis Milne)",female,40.0,0,0,C.A. 33595,15.75,,S,True,14175.0,1890.0,"female: Watt, Mrs. James (Elizabeth ""Bessie"" Inglis Milne)",maybe poor,green
414,382,1,3,"Nakid, Miss. Maria (""Mary"")",female,1.0,0,2,2653,15.7417,,C,True,14167.53,1889.004,"female: Nakid, Miss. Maria (""Mary"")",maybe poor,blue
415,623,1,3,"Nakid, Mr. Sahid",male,20.0,1,1,2653,15.7417,,C,True,14167.53,1889.004,"male: Nakid, Mr. Sahid",maybe poor,blue
416,606,0,3,"Lindell, Mr. Edvard Bengtsson",male,36.0,1,0,349910,15.55,,S,True,13995.0,1866.0,"male: Lindell, Mr. Edvard Bengtsson",maybe poor,blue
417,613,1,3,"Murphy, Miss. Margaret Jane",female,,1,0,367230,15.5,,Q,True,13950.0,1860.0,"female: Murphy, Miss. Margaret Jane",maybe poor,blue
418,719,0,3,"McEvoy, Mr. Michael",male,,0,0,36568,15.5,,Q,True,13950.0,1860.0,"male: McEvoy, Mr. Michael",maybe poor,blue
419,658,0,3,"Bourke, Mrs. John (Catherine)",female,32.0,1,1,364849,15.5,,Q,True,13950.0,1860.0,"female: Bourke, Mrs. John (Catherine)",maybe poor,blue
420,189,0,3,"Bourke, Mr. John",male,40.0,1,1,364849,15.5,,Q,True,13950.0,1860.0,"male: Bourke, Mr. John",maybe poor,blue
421,365,0,3,"O'Brien, Mr. Thomas",male,,1,0,370365,15.5,,Q,True,13950.0,1860.0,"male: O'Brien, Mr. Thomas",maybe poor,blue
422,242,1,3,"Murphy, Miss. Katherine ""Kate""",female,,1,0,367230,15.5,,Q,True,13950.0,1860.0,"female: Murphy, Miss. Katherine ""Kate""",maybe poor,blue
423,47,0,3,"Lennon, Mr. Denis",male,,1,0,370371,15.5,,Q,True,13950.0,1860.0,"male: Lennon, Mr. Denis",maybe poor,blue
424,187,1,3,"O'Brien, Mrs. Thomas (Johanna ""Hannah"" Godfrey)",female,,1,0,370365,15.5,,Q,True,13950.0,1860.0,"female: O'Brien, Mrs. Thomas (Johanna ""Hannah"" Godfrey)",maybe poor,blue
425,256,1,3,"Touma, Mrs. Darwis (Hanne Youssef Razi)",female,29.0,0,2,2650,15.2458,,C,True,13721.22,1829.4959999999999,"female: Touma, Mrs. Darwis (Hanne Youssef Razi)",maybe poor,blue
426,853,0,3,"Boulos, Miss. Nourelain",female,9.0,1,1,2678,15.2458,,C,True,13721.22,1829.4959999999999,"female: Boulos, Miss. Nourelain",maybe poor,blue
427,710,1,3,"Moubarek, Master. Halim Gonios (""William George"")",male,,1,1,2661,15.2458,,C,True,13721.22,1829.4959999999999,"male: Moubarek, Master. Halim Gonios (""William George"")",maybe poor,blue
428,66,1,3,"Moubarek, Master. Gerios",male,,1,1,2661,15.2458,,C,True,13721.22,1829.4959999999999,"male: Moubarek, Master. Gerios",maybe poor,blue
429,141,0,3,"Boulos, Mrs. Joseph (Sultana)",female,,0,2,2678,15.2458,,C,True,13721.22,1829.4959999999999,"female: Boulos, Mrs. Joseph (Sultana)",maybe poor,blue
430,498,0,3,"Shellard, Mr. Frederick William",male,,0,0,C.A. 6212,15.1,,S,True,13590.0,1812.0,"male: Shellard, Mr. Frederick William",maybe poor,blue
431,182,0,2,"Pernot, Mr. Rene",male,,0,0,SC/PARIS 2131,15.05,,C,True,13545.0,1806.0,"male: Pernot, Mr. Rene",maybe poor,green
432,136,0,2,"Richard, Mr. Emile",male,23.0,0,0,SC/PARIS 2133,15.0458,,C,True,13541.22,1805.496,"male: Richard, Mr. Emile",maybe poor,green
433,587,0,2,"Jarvis, Mr. John Denzil",male,47.0,0,0,237565,15.0,,S,True,13500.0,1800.0,"male: Jarvis, Mr. John Denzil",maybe poor,green
434,576,0,3,"Patchett, Mr. George",male,19.0,0,0,358585,14.5,,S,True,13050.0,1740.0,"male: Patchett, Mr. George",maybe poor,blue
435,248,1,2,"Hamalainen, Mrs. William (Anna)",female,24.0,0,2,250649,14.5,,S,True,13050.0,1740.0,"female: Hamalainen, Mrs. William (Anna)",maybe poor,green
436,761,0,3,"Garfirth, Mr. John",male,,0,0,358585,14.5,,S,True,13050.0,1740.0,"male: Garfirth, Mr. John",maybe poor,blue
437,539,0,3,"Risien, Mr. Samuel Beard",male,,0,0,364498,14.5,,S,True,13050.0,1740.0,"male: Risien, Mr. Samuel Beard",maybe poor,blue
438,154,0,3,"van Billiard, Mr. Austin Blyler",male,40.5,0,2,A/5. 851,14.5,,S,True,13050.0,1740.0,"male: van Billiard, Mr. Austin Blyler",maybe poor,blue
439,133,0,3,"Robins, Mrs. Alexander A (Grace Charity Laury)",female,47.0,1,0,A/5. 3337,14.5,,S,True,13050.0,1740.0,"female: Robins, Mrs. Alexander A (Grace Charity Laury)",maybe poor,blue
440,756,1,2,"Hamalainen, Master. Viljo",male,0.67,1,1,250649,14.5,,S,True,13050.0,1740.0,"male: Hamalainen, Master. Viljo",maybe poor,green
441,496,0,3,"Yousseff, Mr. Gerious",male,,0,0,2627,14.4583,,C,True,13012.47,1734.9959999999999,"male: Yousseff, Mr. Gerious",maybe poor,blue
442,115,0,3,"Attalah, Miss. Malake",female,17.0,0,0,2627,14.4583,,C,True,13012.47,1734.9959999999999,"female: Attalah, Miss. Malake",maybe poor,blue
443,579,0,3,"Caram, Mrs. Joseph (Maria Elias)",female,,1,0,2689,14.4583,,C,True,13012.47,1734.9959999999999,"female: Caram, Mrs. Joseph (Maria Elias)",maybe poor,blue
444,363,0,3,"Barbara, Mrs. (Catherine David)",female,45.0,0,1,2691,14.4542,,C,True,13008.78,1734.504,"female: Barbara, Mrs. (Catherine David)",maybe poor,blue
445,112,0,3,"Zabour, Miss. Hileni",female,14.5,1,0,2665,14.4542,,C,True,13008.78,1734.504,"female: Zabour, Miss. Hileni",maybe poor,blue
446,621,0,3,"Yasbeck, Mr. Antoni",male,27.0,1,0,2659,14.4542,,C,True,13008.78,1734.504,"male: Yasbeck, Mr. Antoni",maybe poor,blue
447,703,0,3,"Barbara, Miss. Saiide",female,18.0,0,1,2691,14.4542,,C,True,13008.78,1734.504,"female: Barbara, Miss. Saiide",maybe poor,blue
448,74,0,3,"Chronopoulos, Mr. Apostolos",male,26.0,1,0,2680,14.4542,,C,True,13008.78,1734.504,"male: Chronopoulos, Mr. Apostolos",maybe poor,blue
449,241,0,3,"Zabour, Miss. Thamine",female,,1,0,2665,14.4542,,C,True,13008.78,1734.504,"female: Zabour, Miss. Thamine",maybe poor,blue
450,831,1,3,"Yasbeck, Mrs. Antoni (Selini Alexander)",female,15.0,1,0,2659,14.4542,,C,True,13008.78,1734.504,"female: Yasbeck, Mrs. Antoni (Selini Alexander)",maybe poor,blue
451,617,0,3,"Danbom, Mr. Ernst Gilbert",male,34.0,1,1,347080,14.4,,S,True,12960.0,1728.0,"male: Danbom, Mr. Ernst Gilbert",maybe poor,blue
452,424,0,3,"Danbom, Mrs. Ernst Gilbert (Anna Sigrid Maria Brogren)",female,28.0,1,1,347080,14.4,,S,True,12960.0,1728.0,"female: Danbom, Mrs. Ernst Gilbert (Anna Sigrid Maria Brogren)",maybe poor,blue
453,861,0,3,"Hansen, Mr. Claus Peter",male,41.0,2,0,350026,14.1083,,S,True,12697.47,1692.996,"male: Hansen, Mr. Claus Peter",maybe poor,blue
454,318,0,2,"Moraweck, Dr. Ernest",male,54.0,0,0,29011,14.0,,S,True,12600.0,1680.0,"male: Moraweck, Dr. Ernest",maybe poor,green
455,548,1,2,"Padro y Manent, Mr. Julian",male,,0,0,SC/PARIS 2146,13.8625,,C,True,12476.25,1663.5,"male: Padro y Manent, Mr. Julian",maybe poor,green
456,867,1,2,"Duran y More, Miss. Asuncion",female,27.0,1,0,SC/PARIS 2149,13.8583,,C,True,12472.47,1662.996,"female: Duran y More, Miss. Asuncion",maybe poor,green
457,474,1,2,"Jerwan, Mrs. Amin S (Marie Marthe Thuillard)",female,23.0,0,0,SC/AH Basle 541,13.7917,D,C,True,12412.53,1655.0040000000001,"female: Jerwan, Mrs. Amin S (Marie Marthe Thuillard)",maybe poor,green
458,563,0,2,"Norman, Mr. Robert Douglas",male,28.0,0,0,218629,13.5,,S,True,12150.0,1620.0,"male: Norman, Mr. Robert Douglas",maybe poor,green
459,707,1,2,"Kelly, Mrs. Florence ""Fannie""",female,45.0,0,0,223596,13.5,,S,True,12150.0,1620.0,"female: Kelly, Mrs. Florence ""Fannie""",maybe poor,green
460,696,0,2,"Chapman, Mr. Charles Henry",male,52.0,0,0,248731,13.5,,S,True,12150.0,1620.0,"male: Chapman, Mr. Charles Henry",maybe poor,green
461,233,0,2,"Sjostedt, Mr. Ernst Adolf",male,59.0,0,0,237442,13.5,,S,True,12150.0,1620.0,"male: Sjostedt, Mr. Ernst Adolf",maybe poor,green
462,692,1,3,"Karun, Miss. Manca",female,4.0,0,1,349256,13.4167,,C,True,12075.03,1610.0040000000001,"female: Karun, Miss. Manca",maybe poor,blue
463,229,0,2,"Fahlstrom, Mr. Arne Jonas",male,18.0,0,0,236171,13.0,,S,True,11700.0,1560.0,"male: Fahlstrom, Mr. Arne Jonas",maybe poor,green
464,715,0,2,"Greenberg, Mr. Samuel",male,52.0,0,0,250647,13.0,,S,True,11700.0,1560.0,"male: Greenberg, Mr. Samuel",maybe poor,green
465,192,0,2,"Carbines, Mr. William",male,19.0,0,0,28424,13.0,,S,True,11700.0,1560.0,"male: Carbines, Mr. William",maybe poor,green
466,124,1,2,"Webber, Miss. Susan",female,32.5,0,0,27267,13.0,E101,S,True,11700.0,1560.0,"female: Webber, Miss. Susan",maybe poor,green
467,388,1,2,"Buss, Miss. Kate",female,36.0,0,0,27849,13.0,,S,True,11700.0,1560.0,"female: Buss, Miss. Kate",maybe poor,green
468,724,0,2,"Hodges, Mr. Henry Price",male,50.0,0,0,250643,13.0,,S,True,11700.0,1560.0,"male: Hodges, Mr. Henry Price",maybe poor,green
469,418,1,2,"Silven, Miss. Lyyli Karoliina",female,18.0,0,2,250652,13.0,,S,True,11700.0,1560.0,"female: Silven, Miss. Lyyli Karoliina",maybe poor,green
470,577,1,2,"Garside, Miss. Ethel",female,34.0,0,0,243880,13.0,,S,True,11700.0,1560.0,"female: Garside, Miss. Ethel",maybe poor,green
471,358,0,2,"Funk, Miss. Annie Clemmer",female,38.0,0,0,237671,13.0,,S,True,11700.0,1560.0,"female: Funk, Miss. Annie Clemmer",maybe poor,green
472,801,0,2,"Ponesell, Mr. Martin",male,34.0,0,0,250647,13.0,,S,True,11700.0,1560.0,"male: Ponesell, Mr. Martin",maybe poor,green
473,22,1,2,"Beesley, Mr. Lawrence",male,34.0,0,0,248698,13.0,D56,S,True,11700.0,1560.0,"male: Beesley, Mr. Lawrence",maybe poor,green
474,866,1,2,"Bystrom, Mrs. (Karolina)",female,42.0,0,0,236852,13.0,,S,True,11700.0,1560.0,"female: Bystrom, Mrs. (Karolina)",maybe poor,green
475,18,1,2,"Williams, Mr. Charles Eugene",male,,0,0,244373,13.0,,S,True,11700.0,1560.0,"male: Williams, Mr. Charles Eugene",maybe poor,green
476,289,1,2,"Hosono, Mr. Masabumi",male,42.0,0,0,237798,13.0,,S,True,11700.0,1560.0,"male: Hosono, Mr. Masabumi",maybe poor,green
477,328,1,2,"Ball, Mrs. (Ada E Hall)",female,36.0,0,0,28551,13.0,D,S,True,11700.0,1560.0,"female: Ball, Mrs. (Ada E Hall)",maybe poor,green
478,150,0,2,"Byles, Rev. Thomas Roussel Davids",male,42.0,0,0,244310,13.0,,S,True,11700.0,1560.0,"male: Byles, Rev. Thomas Roussel Davids",maybe poor,green
479,347,1,2,"Smith, Miss. Marion Elsie",female,40.0,0,0,31418,13.0,,S,True,11700.0,1560.0,"female: Smith, Miss. Marion Elsie",maybe poor,green
480,809,0,2,"Meyer, Mr. August",male,39.0,0,0,248723,13.0,,S,True,11700.0,1560.0,"male: Meyer, Mr. August",maybe poor,green
481,345,0,2,"Fox, Mr. Stanley Hubert",male,36.0,0,0,229236,13.0,,S,True,11700.0,1560.0,"male: Fox, Mr. Stanley Hubert",maybe poor,green
482,796,0,2,"Otter, Mr. Richard",male,39.0,0,0,28213,13.0,,S,True,11700.0,1560.0,"male: Otter, Mr. Richard",maybe poor,green
483,464,0,2,"Milling, Mr. Jacob Christian",male,48.0,0,0,234360,13.0,,S,True,11700.0,1560.0,"male: Milling, Mr. Jacob Christian",maybe poor,green
484,723,0,2,"Gillespie, Mr. William Henry",male,34.0,0,0,12233,13.0,,S,True,11700.0,1560.0,"male: Gillespie, Mr. William Henry",maybe poor,green
485,222,0,2,"Bracken, Mr. James H",male,27.0,0,0,220367,13.0,,S,True,11700.0,1560.0,"male: Bracken, Mr. James H",maybe poor,green
486,734,0,2,"Berriman, Mr. William John",male,23.0,0,0,28425,13.0,,S,True,11700.0,1560.0,"male: Berriman, Mr. William John",maybe poor,green
487,346,1,2,"Brown, Miss. Amelia ""Mildred""",female,24.0,0,0,248733,13.0,F33,S,True,11700.0,1560.0,"female: Brown, Miss. Amelia ""Mildred""",maybe poor,green
488,444,1,2,"Reynaldo, Ms. Encarnacion",female,28.0,0,0,230434,13.0,,S,True,11700.0,1560.0,"female: Reynaldo, Ms. Encarnacion",maybe poor,green
489,636,1,2,"Davis, Miss. Mary",female,28.0,0,0,237668,13.0,,S,True,11700.0,1560.0,"female: Davis, Miss. Mary",maybe poor,green
490,214,0,2,"Givard, Mr. Hans Kristensen",male,30.0,0,0,250646,13.0,,S,True,11700.0,1560.0,"male: Givard, Mr. Hans Kristensen",maybe poor,green
491,887,0,2,"Montvila, Rev. Juozas",male,27.0,0,0,211536,13.0,,S,True,11700.0,1560.0,"male: Montvila, Rev. Juozas",maybe poor,green
492,748,1,2,"Sinkkonen, Miss. Anna",female,30.0,0,0,250648,13.0,,S,True,11700.0,1560.0,"female: Sinkkonen, Miss. Anna",maybe poor,green
493,344,0,2,"Sedgwick, Mr. Charles Frederick Waddington",male,25.0,0,0,244361,13.0,,S,True,11700.0,1560.0,"male: Sedgwick, Mr. Charles Frederick Waddington",maybe poor,green
494,343,0,2,"Collander, Mr. Erik Gustaf",male,28.0,0,0,248740,13.0,,S,True,11700.0,1560.0,"male: Collander, Mr. Erik Gustaf",maybe poor,green
495,667,0,2,"Butler, Mr. Reginald Fenton",male,25.0,0,0,234686,13.0,,S,True,11700.0,1560.0,"male: Butler, Mr. Reginald Fenton",maybe poor,green
496,865,0,2,"Gill, Mr. John William",male,24.0,0,0,233866,13.0,,S,True,11700.0,1560.0,"male: Gill, Mr. John William",maybe poor,green
497,191,1,2,"Pinsky, Mrs. (Rosa)",female,32.0,0,0,234604,13.0,,S,True,11700.0,1560.0,"female: Pinsky, Mrs. (Rosa)",maybe poor,green
498,200,0,2,"Yrois, Miss. Henriette (""Mrs Harbeck"")",female,24.0,0,0,248747,13.0,,S,True,11700.0,1560.0,"female: Yrois, Miss. Henriette (""Mrs Harbeck"")",maybe poor,green
499,135,0,2,"Sobey, Mr. Samuel James Hayden",male,25.0,0,0,C.A. 29178,13.0,,S,True,11700.0,1560.0,"male: Sobey, Mr. Samuel James Hayden",maybe poor,green
500,179,0,2,"Hale, Mr. Reginald",male,30.0,0,0,250653,13.0,,S,True,11700.0,1560.0,"male: Hale, Mr. Reginald",maybe poor,green
501,659,0,2,"Eitemiller, Mr. George Floyd",male,23.0,0,0,29751,13.0,,S,True,11700.0,1560.0,"male: Eitemiller, Mr. George Floyd",maybe poor,green
502,419,0,2,"Matthews, Mr. William John",male,30.0,0,0,28228,13.0,,S,True,11700.0,1560.0,"male: Matthews, Mr. William John",maybe poor,green
503,735,0,2,"Troupiansky, Mr. Moses Aaron",male,23.0,0,0,233639,13.0,,S,True,11700.0,1560.0,"male: Troupiansky, Mr. Moses Aaron",maybe poor,green
504,674,1,2,"Wilhelms, Mr. Charles",male,31.0,0,0,244270,13.0,,S,True,11700.0,1560.0,"male: Wilhelms, Mr. Charles",maybe poor,green
505,293,0,2,"Levy, Mr. Rene Jacques",male,36.0,0,0,SC/Paris 2163,12.875,D,C,True,11587.5,1545.0,"male: Levy, Mr. Rene Jacques",maybe poor,green
506,400,1,2,"Trout, Mrs. William H (Jessie L)",female,28.0,0,0,240929,12.65,,S,True,11385.0,1518.0,"female: Trout, Mrs. William H (Jessie L)",maybe poor,green
507,151,0,2,"Bateman, Rev. Robert James",male,51.0,0,0,S.O.P. 1166,12.525,,S,True,11272.5,1503.0,"male: Bateman, Rev. Robert James",maybe poor,green
508,752,1,3,"Moor, Master. Meier",male,6.0,0,1,392096,12.475,E121,S,True,11227.5,1497.0,"male: Moor, Master. Meier",maybe poor,blue
509,80,1,3,"Dowdell, Miss. Elizabeth",female,30.0,0,0,364516,12.475,,S,True,11227.5,1497.0,"female: Dowdell, Miss. Elizabeth",maybe poor,blue
510,778,1,3,"Emanuel, Miss. Virginia Ethel",female,5.0,0,0,364516,12.475,,S,True,11227.5,1497.0,"female: Emanuel, Miss. Virginia Ethel",maybe poor,blue
511,824,1,3,"Moor, Mrs. (Beila)",female,27.0,0,1,392096,12.475,E121,S,True,11227.5,1497.0,"female: Moor, Mrs. (Beila)",maybe poor,blue
512,304,1,2,"Keane, Miss. Nora A",female,,0,0,226593,12.35,E101,Q,True,11115.0,1482.0,"female: Keane, Miss. Nora A",maybe poor,green
513,627,0,2,"Kirkland, Rev. Charles Leonard",male,57.0,0,0,219533,12.35,,Q,True,11115.0,1482.0,"male: Kirkland, Rev. Charles Leonard",maybe poor,green
514,323,1,2,"Slayter, Miss. Hilda Mary",female,30.0,0,0,234818,12.35,,Q,True,11115.0,1482.0,"female: Slayter, Miss. Hilda Mary",maybe poor,green
515,480,1,3,"Hirvonen, Miss. Hildur E",female,2.0,0,1,3101298,12.2875,,S,True,11058.75,1474.5,"female: Hirvonen, Miss. Hildur E",maybe poor,blue
516,240,0,2,"Hunt, Mr. George Henry",male,33.0,0,0,SCO/W 1585,12.275,,S,True,11047.5,1473.0,"male: Hunt, Mr. George Henry",maybe poor,green
517,390,1,2,"Lehmann, Miss. Bertha",female,17.0,0,0,SC 1748,12.0,,C,True,10800.0,1440.0,"female: Lehmann, Miss. Bertha",maybe poor,green
518,862,0,2,"Giles, Mr. Frederick Edward",male,21.0,1,0,28134,11.5,,S,True,10350.0,1380.0,"male: Giles, Mr. Frederick Edward",maybe poor,green
519,758,0,2,"Bailey, Mr. Percy Andrew",male,18.0,0,0,29108,11.5,,S,True,10350.0,1380.0,"male: Bailey, Mr. Percy Andrew",maybe poor,green
520,530,0,2,"Hocking, Mr. Richard George",male,23.0,2,1,29104,11.5,,S,True,10350.0,1380.0,"male: Hocking, Mr. Richard George",maybe poor,green
521,145,0,2,"Andrew, Mr. Edgardo Samuel",male,18.0,0,0,231945,11.5,,S,True,10350.0,1380.0,"male: Andrew, Mr. Edgardo Samuel",maybe poor,green
522,126,1,3,"Nicola-Yarred, Master. Elias",male,12.0,1,0,2651,11.2417,,C,True,10117.53,1349.004,"male: Nicola-Yarred, Master. Elias",maybe poor,blue
523,40,1,3,"Nicola-Yarred, Miss. Jamila",female,14.0,1,0,2651,11.2417,,C,True,10117.53,1349.004,"female: Nicola-Yarred, Miss. Jamila",maybe poor,blue
524,173,1,3,"Johnson, Miss. Eleanor Ileen",female,1.0,1,1,347742,11.1333,,S,True,10019.97,1335.996,"female: Johnson, Miss. Eleanor Ileen",maybe poor,blue
525,9,1,3,"Johnson, Mrs. Oscar W (Elisabeth Vilhelmina Berg)",female,27.0,0,2,347742,11.1333,,S,True,10019.97,1335.996,"female: Johnson, Mrs. Oscar W (Elisabeth Vilhelmina Berg)",maybe poor,blue
526,870,1,3,"Johnson, Master. Harold Theodor",male,4.0,1,1,347742,11.1333,,S,True,10019.97,1335.996,"male: Johnson, Master. Harold Theodor",maybe poor,blue
527,883,0,3,"Dahlberg, Miss. Gerda Ulrika",female,22.0,0,0,7552,10.5167,,S,True,9465.03,1262.004,"female: Dahlberg, Miss. Gerda Ulrika",maybe poor,blue
528,85,1,2,"Ilett, Miss. Bertha",female,17.0,0,0,SO/C 14885,10.5,,S,True,9450.0,1260.0,"female: Ilett, Miss. Bertha",maybe poor,green
529,517,1,2,"Lemore, Mrs. (Amelia Milley)",female,34.0,0,0,C.A. 34260,10.5,F33,S,True,9450.0,1260.0,"female: Lemore, Mrs. (Amelia Milley)",maybe poor,green
530,235,0,2,"Leyson, Mr. Robert William Norman",male,24.0,0,0,C.A. 29566,10.5,,S,True,9450.0,1260.0,"male: Leyson, Mr. Robert William Norman",maybe poor,green
531,266,0,2,"Reeves, Mr. David",male,36.0,0,0,C.A. 17248,10.5,,S,True,9450.0,1260.0,"male: Reeves, Mr. David",maybe poor,green
532,440,0,2,"Kvillner, Mr. Johan Henrik Johannesson",male,31.0,0,0,C.A. 18723,10.5,,S,True,9450.0,1260.0,"male: Kvillner, Mr. Johan Henrik Johannesson",maybe poor,green
533,399,0,2,"Pain, Dr. Alfred",male,23.0,0,0,244278,10.5,,S,True,9450.0,1260.0,"male: Pain, Dr. Alfred",maybe poor,green
534,813,0,2,"Slemen, Mr. Richard James",male,35.0,0,0,28206,10.5,,S,True,9450.0,1260.0,"male: Slemen, Mr. Richard James",maybe poor,green
535,239,0,2,"Pengelly, Mr. Frederick William",male,19.0,0,0,28665,10.5,,S,True,9450.0,1260.0,"male: Pengelly, Mr. Frederick William",maybe poor,green
536,842,0,2,"Mudd, Mr. Thomas Charles",male,16.0,0,0,S.O./P.P. 3,10.5,,S,True,9450.0,1260.0,"male: Mudd, Mr. Thomas Charles",maybe poor,green
537,243,0,2,"Coleridge, Mr. Reginald Charles",male,29.0,0,0,W./C. 14263,10.5,,S,True,9450.0,1260.0,"male: Coleridge, Mr. Reginald Charles",maybe poor,green
538,884,0,2,"Banfield, Mr. Frederick James",male,28.0,0,0,C.A./SOTON 34068,10.5,,S,True,9450.0,1260.0,"male: Banfield, Mr. Frederick James",maybe poor,green
539,527,1,2,"Ridsdale, Miss. Lucy",female,50.0,0,0,W./C. 14258,10.5,,S,True,9450.0,1260.0,"female: Ridsdale, Miss. Lucy",maybe poor,green
540,673,0,2,"Mitchell, Mr. Henry Michael",male,70.0,0,0,C.A. 24580,10.5,,S,True,9450.0,1260.0,"male: Mitchell, Mr. Henry Michael",maybe poor,green
541,34,0,2,"Wheadon, Mr. Edward H",male,66.0,0,0,C.A. 24579,10.5,,S,True,9450.0,1260.0,"male: Wheadon, Mr. Edward H",maybe poor,green
542,71,0,2,"Jenkin, Mr. Stephen Curnow",male,32.0,0,0,C.A. 33111,10.5,,S,True,9450.0,1260.0,"male: Jenkin, Mr. Stephen Curnow",maybe poor,green
543,571,1,2,"Harris, Mr. George",male,62.0,0,0,S.W./PP 752,10.5,,S,True,9450.0,1260.0,"male: Harris, Mr. George",maybe poor,green
544,773,0,2,"Mack, Mrs. (Mary)",female,57.0,0,0,S.O./P.P. 3,10.5,E77,S,True,9450.0,1260.0,"female: Mack, Mrs. (Mary)",maybe poor,green
545,67,1,2,"Nye, Mrs. (Elizabeth Ramell)",female,29.0,0,0,C.A. 29395,10.5,F33,S,True,9450.0,1260.0,"female: Nye, Mrs. (Elizabeth Ramell)",maybe poor,green
546,459,1,2,"Toomey, Miss. Ellen",female,50.0,0,0,F.C.C. 13531,10.5,,S,True,9450.0,1260.0,"female: Toomey, Miss. Ellen",maybe poor,green
547,227,1,2,"Mellors, Mr. William John",male,19.0,0,0,SW/PP 751,10.5,,S,True,9450.0,1260.0,"male: Mellors, Mr. William John",maybe poor,green
548,220,0,2,"Harris, Mr. Walter",male,30.0,0,0,W/C 14208,10.5,,S,True,9450.0,1260.0,"male: Harris, Mr. Walter",maybe poor,green
549,718,1,2,"Troutt, Miss. Edwina Celia ""Winnie""",female,27.0,0,0,34218,10.5,E101,S,True,9450.0,1260.0,"female: Troutt, Miss. Edwina Celia ""Winnie""",maybe poor,green
550,620,0,2,"Gavey, Mr. Lawrence",male,26.0,0,0,31028,10.5,,S,True,9450.0,1260.0,"male: Gavey, Mr. Lawrence",maybe poor,green
551,57,1,2,"Rugg, Miss. Emily",female,21.0,0,0,C.A. 31026,10.5,,S,True,9450.0,1260.0,"female: Rugg, Miss. Emily",maybe poor,green
552,206,0,3,"Strom, Miss. Telma Matilda",female,2.0,0,1,347054,10.4625,G6,S,True,9416.25,1255.5,"female: Strom, Miss. Telma Matilda",maybe poor,blue
553,252,0,3,"Strom, Mrs. Wilhelm (Elna Matilda Persson)",female,29.0,1,1,347054,10.4625,G6,S,True,9416.25,1255.5,"female: Strom, Mrs. Wilhelm (Elna Matilda Persson)",maybe poor,blue
554,688,0,3,"Dakic, Mr. Branko",male,19.0,0,0,349228,10.1708,,S,True,9153.72,1220.496,"male: Dakic, Mr. Branko",maybe poor,blue
555,877,0,3,"Gustafsson, Mr. Alfred Ossian",male,20.0,0,0,7534,9.8458,,S,True,8861.220000000001,1181.496,"male: Gustafsson, Mr. Alfred Ossian",poor,blue
556,678,1,3,"Turja, Miss. Anna Sofia",female,18.0,0,0,4138,9.8417,,S,True,8857.529999999999,1181.004,"female: Turja, Miss. Anna Sofia",poor,blue
557,475,0,3,"Strandberg, Miss. Ida Sofia",female,22.0,0,0,7553,9.8375,,S,True,8853.75,1180.5,"female: Strandberg, Miss. Ida Sofia",poor,blue
558,403,0,3,"Jussila, Miss. Mari Aina",female,21.0,1,0,4137,9.825,,S,True,8842.5,1179.0,"female: Jussila, Miss. Mari Aina",poor,blue
559,114,0,3,"Jussila, Miss. Katriina",female,20.0,1,0,4136,9.825,,S,True,8842.5,1179.0,"female: Jussila, Miss. Katriina",poor,blue
560,484,1,3,"Turkula, Mrs. (Hedwig)",female,63.0,0,0,4134,9.5875,,S,True,8628.75,1150.5,"female: Turkula, Mrs. (Hedwig)",poor,blue
561,504,0,3,"Laitinen, Miss. Kristina Sofia",female,37.0,0,0,4135,9.5875,,S,True,8628.75,1150.5,"female: Laitinen, Miss. Kristina Sofia",poor,blue
562,283,0,3,"de Pelsmaeker, Mr. Alfons",male,16.0,0,0,345778,9.5,,S,True,8550.0,1140.0,"male: de Pelsmaeker, Mr. Alfons",poor,blue
563,771,0,3,"Lievens, Mr. Rene Aime",male,24.0,0,0,345781,9.5,,S,True,8550.0,1140.0,"male: Lievens, Mr. Rene Aime",poor,blue
564,201,0,3,"Vande Walle, Mr. Nestor Cyriel",male,28.0,0,0,345770,9.5,,S,True,8550.0,1140.0,"male: Vande Walle, Mr. Nestor Cyriel",poor,blue
565,356,0,3,"Vanden Steen, Mr. Leo Peter",male,28.0,0,0,345783,9.5,,S,True,8550.0,1140.0,"male: Vanden Steen, Mr. Leo Peter",poor,blue
566,869,0,3,"van Melkebeke, Mr. Philemon",male,,0,0,345777,9.5,,S,True,8550.0,1140.0,"male: van Melkebeke, Mr. Philemon",poor,blue
567,82,1,3,"Sheerlinck, Mr. Jan Baptist",male,29.0,0,0,345779,9.5,,S,True,8550.0,1140.0,"male: Sheerlinck, Mr. Jan Baptist",poor,blue
568,287,1,3,"de Mulder, Mr. Theodore",male,30.0,0,0,345774,9.5,,S,True,8550.0,1140.0,"male: de Mulder, Mr. Theodore",poor,blue
569,442,0,3,"Hampe, Mr. Leon",male,20.0,0,0,345769,9.5,,S,True,8550.0,1140.0,"male: Hampe, Mr. Leon",poor,blue
570,753,0,3,"Vande Velde, Mr. Johannes Joseph",male,33.0,0,0,345780,9.5,,S,True,8550.0,1140.0,"male: Vande Velde, Mr. Johannes Joseph",poor,blue
571,714,0,3,"Larsson, Mr. August Viktor",male,29.0,0,0,7545,9.4833,,S,True,8534.97,1137.996,"male: Larsson, Mr. August Viktor",poor,blue
572,41,0,3,"Ahlin, Mrs. Johan (Johanna Persdotter Larsson)",female,40.0,1,0,7546,9.475,,S,True,8527.5,1137.0,"female: Ahlin, Mrs. Johan (Johanna Persdotter Larsson)",poor,blue
573,226,0,3,"Berglund, Mr. Karl Ivar Sven",male,22.0,0,0,PP 4348,9.35,,S,True,8415.0,1122.0,"male: Berglund, Mr. Karl Ivar Sven",poor,blue
574,856,1,3,"Aks, Mrs. Sam (Leah Rosen)",female,18.0,0,1,392091,9.35,,S,True,8415.0,1122.0,"female: Aks, Mrs. Sam (Leah Rosen)",poor,blue
575,351,0,3,"Odahl, Mr. Nils Martin",male,23.0,0,0,7267,9.225,,S,True,8302.5,1107.0,"male: Odahl, Mr. Nils Martin",poor,blue
576,683,0,3,"Olsvigen, Mr. Thor Anderson",male,20.0,0,0,6563,9.225,,S,True,8302.5,1107.0,"male: Olsvigen, Mr. Thor Anderson",poor,blue
577,139,0,3,"Osen, Mr. Olaf Elon",male,16.0,0,0,7534,9.2167,,S,True,8295.029999999999,1106.004,"male: Osen, Mr. Olaf Elon",poor,blue
578,874,0,3,"Vander Cruyssen, Mr. Victor",male,47.0,0,0,345765,9.0,,S,True,8100.0,1080.0,"male: Vander Cruyssen, Mr. Victor",poor,blue
579,81,0,3,"Waelens, Mr. Achille",male,22.0,0,0,345767,9.0,,S,True,8100.0,1080.0,"male: Waelens, Mr. Achille",poor,blue
580,294,0,3,"Haas, Miss. Aloisia",female,24.0,0,0,349236,8.85,,S,True,7965.0,1062.0,"female: Haas, Miss. Aloisia",poor,blue
581,585,0,3,"Paulner, Mr. Uscher",male,,0,0,3411,8.7125,,C,True,7841.25,1045.5,"male: Paulner, Mr. Uscher",poor,blue
582,798,1,3,"Osman, Mrs. Mara",female,31.0,0,0,349244,8.6833,,S,True,7814.969999999999,1041.9959999999999,"female: Osman, Mrs. Mara",poor,blue
583,286,0,3,"Stankovic, Mr. Ivan",male,33.0,0,0,349239,8.6625,,C,True,7796.25,1039.5,"male: Stankovic, Mr. Ivan",poor,blue
584,405,0,3,"Oreskovic, Miss. Marija",female,20.0,0,0,315096,8.6625,,S,True,7796.25,1039.5,"female: Oreskovic, Miss. Marija",poor,blue
585,845,0,3,"Culumovic, Mr. Jeso",male,17.0,0,0,315090,8.6625,,S,True,7796.25,1039.5,"male: Culumovic, Mr. Jeso",poor,blue
586,822,1,3,"Lulic, Mr. Nikola",male,27.0,0,0,315098,8.6625,,S,True,7796.25,1039.5,"male: Lulic, Mr. Nikola",poor,blue
587,350,0,3,"Dimic, Mr. Jovan",male,42.0,0,0,315088,8.6625,,S,True,7796.25,1039.5,"male: Dimic, Mr. Jovan",poor,blue
588,472,0,3,"Cacic, Mr. Luka",male,38.0,0,0,315089,8.6625,,S,True,7796.25,1039.5,"male: Cacic, Mr. Luka",poor,blue
589,837,0,3,"Pasic, Mr. Jakob",male,21.0,0,0,315097,8.6625,,S,True,7796.25,1039.5,"male: Pasic, Mr. Jakob",poor,blue
590,501,0,3,"Calic, Mr. Petar",male,17.0,0,0,315086,8.6625,,S,True,7796.25,1039.5,"male: Calic, Mr. Petar",poor,blue
591,535,0,3,"Cacic, Miss. Marija",female,30.0,0,0,315084,8.6625,,S,True,7796.25,1039.5,"female: Cacic, Miss. Marija",poor,blue
592,70,0,3,"Kink, Mr. Vincenz",male,26.0,2,0,315151,8.6625,,S,True,7796.25,1039.5,"male: Kink, Mr. Vincenz",poor,blue
593,726,0,3,"Oreskovic, Mr. Luka",male,20.0,0,0,315094,8.6625,,S,True,7796.25,1039.5,"male: Oreskovic, Mr. Luka",poor,blue
594,159,0,3,"Smiljanic, Mr. Mile",male,,0,0,315037,8.6625,,S,True,7796.25,1039.5,"male: Smiljanic, Mr. Mile",poor,blue
595,164,0,3,"Calic, Mr. Jovo",male,17.0,0,0,315093,8.6625,,S,True,7796.25,1039.5,"male: Calic, Mr. Jovo",poor,blue
596,104,0,3,"Johansson, Mr. Gustaf Joel",male,33.0,0,0,7540,8.6542,,S,True,7788.78,1038.504,"male: Johansson, Mr. Gustaf Joel",poor,blue
597,804,1,3,"Thomas, Master. Assad Alexander",male,0.42,0,1,2625,8.5167,,C,True,7665.03,1022.004,"male: Thomas, Master. Assad Alexander",poor,blue
598,6,0,3,"Moran, Mr. James",male,,0,0,330877,8.4583,,Q,True,7612.469999999999,1014.996,"male: Moran, Mr. James",poor,blue
599,653,0,3,"Kalvik, Mr. Johannes Halvorsen",male,21.0,0,0,8475,8.4333,,S,True,7589.969999999999,1011.9959999999999,"male: Kalvik, Mr. Johannes Halvorsen",poor,blue
600,198,0,3,"Olsen, Mr. Karl Siegwart Andreas",male,42.0,0,1,4579,8.4042,,S,True,7563.78,1008.5039999999999,"male: Olsen, Mr. Karl Siegwart Andreas",poor,blue
601,770,0,3,"Gronnestad, Mr. Daniel Danielsen",male,32.0,0,0,8471,8.3625,,S,True,7526.250000000001,1003.5000000000001,"male: Gronnestad, Mr. Daniel Danielsen",poor,blue
602,835,0,3,"Allum, Mr. Owen George",male,18.0,0,0,2223,8.3,,S,True,7470.000000000001,996.0000000000001,"male: Allum, Mr. Owen George",poor,blue
603,68,0,3,"Crease, Mr. Ernest James",male,19.0,0,0,S.P. 3464,8.1583,,S,True,7342.47,978.9960000000001,"male: Crease, Mr. Ernest James",poor,blue
604,681,0,3,"Peters, Miss. Katie",female,,0,0,330935,8.1375,,Q,True,7323.749999999999,976.4999999999999,"female: Peters, Miss. Katie",poor,blue
605,445,1,3,"Johannesen-Bratthammer, Mr. Bernt",male,,0,0,65306,8.1125,,S,True,7301.250000000001,973.5000000000001,"male: Johannesen-Bratthammer, Mr. Bernt",poor,blue
606,158,0,3,"Corn, Mr. Harry",male,30.0,0,0,SOTON/OQ 392090,8.05,,S,True,7245.000000000001,966.0000000000001,"male: Corn, Mr. Harry",poor,blue
607,90,0,3,"Celotti, Mr. Francesco",male,24.0,0,0,343275,8.05,,S,True,7245.000000000001,966.0000000000001,"male: Celotti, Mr. Francesco",poor,blue
608,677,0,3,"Sawyer, Mr. Frederick Charles",male,24.5,0,0,342826,8.05,,S,True,7245.000000000001,966.0000000000001,"male: Sawyer, Mr. Frederick Charles",poor,blue
609,815,0,3,"Tomlin, Mr. Ernest Portage",male,30.5,0,0,364499,8.05,,S,True,7245.000000000001,966.0000000000001,"male: Tomlin, Mr. Ernest Portage",poor,blue
610,5,0,3,"Allen, Mr. William Henry",male,35.0,0,0,373450,8.05,,S,True,7245.000000000001,966.0000000000001,"male: Allen, Mr. William Henry",poor,blue
611,305,0,3,"Williams, Mr. Howard Hugh ""Harry""",male,,0,0,A/5 2466,8.05,,S,True,7245.000000000001,966.0000000000001,"male: Williams, Mr. Howard Hugh ""Harry""",poor,blue
612,615,0,3,"Brocklebank, Mr. William Alfred",male,35.0,0,0,364512,8.05,,S,True,7245.000000000001,966.0000000000001,"male: Brocklebank, Mr. William Alfred",poor,blue
613,589,0,3,"Gilinski, Mr. Eliezer",male,22.0,0,0,14973,8.05,,S,True,7245.000000000001,966.0000000000001,"male: Gilinski, Mr. Eliezer",poor,blue
614,697,0,3,"Kelly, Mr. James",male,44.0,0,0,363592,8.05,,S,True,7245.000000000001,966.0000000000001,"male: Kelly, Mr. James",poor,blue
615,339,1,3,"Dahl, Mr. Karl Edwart",male,45.0,0,0,7598,8.05,,S,True,7245.000000000001,966.0000000000001,"male: Dahl, Mr. Karl Edwart",poor,blue
616,13,0,3,"Saundercock, Mr. William Henry",male,20.0,0,0,A/5. 2151,8.05,,S,True,7245.000000000001,966.0000000000001,"male: Saundercock, Mr. William Henry",poor,blue
617,495,0,3,"Stanley, Mr. Edward Roland",male,21.0,0,0,A/4 45380,8.05,,S,True,7245.000000000001,966.0000000000001,"male: Stanley, Mr. Edward Roland",poor,blue
618,604,0,3,"Torber, Mr. Ernst William",male,44.0,0,0,364511,8.05,,S,True,7245.000000000001,966.0000000000001,"male: Torber, Mr. Ernst William",poor,blue
619,38,0,3,"Cann, Mr. Ernest Charles",male,21.0,0,0,A./5. 2152,8.05,,S,True,7245.000000000001,966.0000000000001,"male: Cann, Mr. Ernest Charles",poor,blue
620,122,0,3,"Moore, Mr. Leonard Charles",male,,0,0,A4. 54510,8.05,,S,True,7245.000000000001,966.0000000000001,"male: Moore, Mr. Leonard Charles",poor,blue
621,669,0,3,"Cook, Mr. Jacob",male,43.0,0,0,A/5 3536,8.05,,S,True,7245.000000000001,966.0000000000001,"male: Cook, Mr. Jacob",poor,blue
622,96,0,3,"Shorney, Mr. Charles Joseph",male,,0,0,374910,8.05,,S,True,7245.000000000001,966.0000000000001,"male: Shorney, Mr. Charles Joseph",poor,blue
623,88,0,3,"Slocovski, Mr. Selman Francis",male,,0,0,SOTON/OQ 392086,8.05,,S,True,7245.000000000001,966.0000000000001,"male: Slocovski, Mr. Selman Francis",poor,blue
624,78,0,3,"Moutal, Mr. Rahamin Haim",male,,0,0,374746,8.05,,S,True,7245.000000000001,966.0000000000001,"male: Moutal, Mr. Rahamin Haim",poor,blue
625,46,0,3,"Rogers, Mr. William John",male,,0,0,S.C./A.4. 23567,8.05,,S,True,7245.000000000001,966.0000000000001,"male: Rogers, Mr. William John",poor,blue
626,402,0,3,"Adams, Mr. John",male,26.0,0,0,341826,8.05,,S,True,7245.000000000001,966.0000000000001,"male: Adams, Mr. John",poor,blue
627,430,1,3,"Pickard, Mr. Berk (Berk Trembisky)",male,32.0,0,0,SOTON/O.Q. 392078,8.05,E10,S,True,7245.000000000001,966.0000000000001,"male: Pickard, Mr. Berk (Berk Trembisky)",poor,blue
628,489,0,3,"Somerton, Mr. Francis William",male,30.0,0,0,A.5. 18509,8.05,,S,True,7245.000000000001,966.0000000000001,"male: Somerton, Mr. Francis William",poor,blue
629,455,0,3,"Peduzzi, Mr. Joseph",male,,0,0,A/5 2817,8.05,,S,True,7245.000000000001,966.0000000000001,"male: Peduzzi, Mr. Joseph",poor,blue
630,416,0,3,"Meek, Mrs. Thomas (Annie Louise Rowley)",female,,0,0,343095,8.05,,S,True,7245.000000000001,966.0000000000001,"female: Meek, Mrs. Thomas (Annie Louise Rowley)",poor,blue
631,113,0,3,"Barton, Mr. David John",male,22.0,0,0,324669,8.05,,S,True,7245.000000000001,966.0000000000001,"male: Barton, Mr. David John",poor,blue
632,373,0,3,"Beavan, Mr. William Thomas",male,19.0,0,0,323951,8.05,,S,True,7245.000000000001,966.0000000000001,"male: Beavan, Mr. William Thomas",poor,blue
633,564,0,3,"Simmons, Mr. John",male,,0,0,SOTON/OQ 392082,8.05,,S,True,7245.000000000001,966.0000000000001,"male: Simmons, Mr. John",poor,blue
634,565,0,3,"Meanwell, Miss. (Marion Ogden)",female,,0,0,SOTON/O.Q. 392087,8.05,,S,True,7245.000000000001,966.0000000000001,"female: Meanwell, Miss. (Marion Ogden)",poor,blue
635,575,0,3,"Rush, Mr. Alfred George John",male,16.0,0,0,A/4. 20589,8.05,,S,True,7245.000000000001,966.0000000000001,"male: Rush, Mr. Alfred George John",poor,blue
636,91,0,3,"Christmann, Mr. Emil",male,29.0,0,0,343276,8.05,,S,True,7245.000000000001,966.0000000000001,"male: Christmann, Mr. Emil",poor,blue
637,512,0,3,"Webber, Mr. James",male,,0,0,SOTON/OQ 3101316,8.05,,S,True,7245.000000000001,966.0000000000001,"male: Webber, Mr. James",poor,blue
638,590,0,3,"Murdlin, Mr. Joseph",male,,0,0,A./5. 3235,8.05,,S,True,7245.000000000001,966.0000000000001,"male: Murdlin, Mr. Joseph",poor,blue
639,462,0,3,"Morley, Mr. William",male,34.0,0,0,364506,8.05,,S,True,7245.000000000001,966.0000000000001,"male: Morley, Mr. William",poor,blue
640,759,0,3,"Theobald, Mr. Thomas Leonard",male,34.0,0,0,363294,8.05,,S,True,7245.000000000001,966.0000000000001,"male: Theobald, Mr. Thomas Leonard",poor,blue
641,284,1,3,"Dorking, Mr. Edward Arthur",male,19.0,0,0,A/5. 10482,8.05,,S,True,7245.000000000001,966.0000000000001,"male: Dorking, Mr. Edward Arthur",poor,blue
642,153,0,3,"Meo, Mr. Alfonzo",male,55.5,0,0,A.5. 11206,8.05,,S,True,7245.000000000001,966.0000000000001,"male: Meo, Mr. Alfonzo",poor,blue
643,205,1,3,"Cohen, Mr. Gurshon ""Gus""",male,18.0,0,0,A/5 3540,8.05,,S,True,7245.000000000001,966.0000000000001,"male: Cohen, Mr. Gurshon ""Gus""",poor,blue
644,838,0,3,"Sirota, Mr. Maurice",male,,0,0,392092,8.05,,S,True,7245.000000000001,966.0000000000001,"male: Sirota, Mr. Maurice",poor,blue
645,221,1,3,"Sunderland, Mr. Victor Francis",male,16.0,0,0,SOTON/OQ 392089,8.05,,S,True,7245.000000000001,966.0000000000001,"male: Sunderland, Mr. Victor Francis",poor,blue
646,483,0,3,"Rouse, Mr. Richard Henry",male,50.0,0,0,A/5 3594,8.05,,S,True,7245.000000000001,966.0000000000001,"male: Rouse, Mr. Richard Henry",poor,blue
647,465,0,3,"Maisner, Mr. Simon",male,,0,0,A/S 2816,8.05,,S,True,7245.000000000001,966.0000000000001,"male: Maisner, Mr. Simon",poor,blue
648,223,0,3,"Green, Mr. George Henry",male,51.0,0,0,21440,8.05,,S,True,7245.000000000001,966.0000000000001,"male: Green, Mr. George Henry",poor,blue
649,23,1,3,"McGowan, Miss. Anna ""Annie""",female,15.0,0,0,330923,8.0292,,Q,True,7226.28,963.5039999999999,"female: McGowan, Miss. Anna ""Annie""",poor,blue
650,529,0,3,"Salonen, Mr. Johan Werner",male,39.0,0,0,3101296,7.925,,S,True,7132.5,951.0,"male: Salonen, Mr. Johan Werner",poor,blue
651,105,0,3,"Gustafsson, Mr. Anders Vilhelm",male,37.0,2,0,3101276,7.925,,S,True,7132.5,951.0,"male: Gustafsson, Mr. Anders Vilhelm",poor,blue
652,665,1,3,"Lindqvist, Mr. Eino William",male,20.0,1,0,STON/O 2. 3101285,7.925,,S,True,7132.5,951.0,"male: Lindqvist, Mr. Eino William",poor,blue
653,393,0,3,"Gustafsson, Mr. Johan Birger",male,28.0,2,0,3101277,7.925,,S,True,7132.5,951.0,"male: Gustafsson, Mr. Johan Birger",poor,blue
654,637,0,3,"Leinonen, Mr. Antti Gustaf",male,32.0,0,0,STON/O 2. 3101292,7.925,,S,True,7132.5,951.0,"male: Leinonen, Mr. Antti Gustaf",poor,blue
655,401,1,3,"Niskanen, Mr. Juha",male,39.0,0,0,STON/O 2. 3101289,7.925,,S,True,7132.5,951.0,"male: Niskanen, Mr. Juha",poor,blue
656,174,0,3,"Sivola, Mr. Antti Wilhelm",male,21.0,0,0,STON/O 2. 3101280,7.925,,S,True,7132.5,951.0,"male: Sivola, Mr. Antti Wilhelm",poor,blue
657,745,1,3,"Stranden, Mr. Juho",male,31.0,0,0,STON/O 2. 3101288,7.925,,S,True,7132.5,951.0,"male: Stranden, Mr. Juho",poor,blue
658,415,1,3,"Sundman, Mr. Johan Julian",male,44.0,0,0,STON/O 2. 3101269,7.925,,S,True,7132.5,951.0,"male: Sundman, Mr. Johan Julian",poor,blue
659,841,0,3,"Alhomaki, Mr. Ilmari Rudolf",male,20.0,0,0,SOTON/O2 3101287,7.925,,S,True,7132.5,951.0,"male: Alhomaki, Mr. Ilmari Rudolf",poor,blue
660,116,0,3,"Pekoniemi, Mr. Edvard",male,21.0,0,0,STON/O 2. 3101294,7.925,,S,True,7132.5,951.0,"male: Pekoniemi, Mr. Edvard",poor,blue
661,69,1,3,"Andersson, Miss. Erna Alexandra",female,17.0,4,2,3101281,7.925,,S,True,7132.5,951.0,"female: Andersson, Miss. Erna Alexandra",poor,blue
662,3,1,3,"Heikkinen, Miss. Laina",female,26.0,0,0,STON/O2. 3101282,7.925,,S,True,7132.5,951.0,"female: Heikkinen, Miss. Laina",poor,blue
663,730,0,3,"Ilmakangas, Miss. Pieta Sofia",female,25.0,1,0,STON/O2. 3101271,7.925,,S,True,7132.5,951.0,"female: Ilmakangas, Miss. Pieta Sofia",poor,blue
664,383,0,3,"Tikkanen, Mr. Juho",male,32.0,0,0,STON/O 2. 3101293,7.925,,S,True,7132.5,951.0,"male: Tikkanen, Mr. Juho",poor,blue
665,580,1,3,"Jussila, Mr. Eiriik",male,32.0,0,0,STON/O 2. 3101286,7.925,,S,True,7132.5,951.0,"male: Jussila, Mr. Eiriik",poor,blue
666,817,0,3,"Heininen, Miss. Wendla Maria",female,23.0,0,0,STON/O2. 3101290,7.925,,S,True,7132.5,951.0,"female: Heininen, Miss. Wendla Maria",poor,blue
667,217,1,3,"Honkanen, Miss. Eliina",female,27.0,0,0,STON/O2. 3101283,7.925,,S,True,7132.5,951.0,"female: Honkanen, Miss. Eliina",poor,blue
668,131,0,3,"Drazenoic, Mr. Jozef",male,33.0,0,0,349241,7.8958,,C,True,7106.22,947.4960000000001,"male: Drazenoic, Mr. Jozef",poor,blue
669,629,0,3,"Bostandyeff, Mr. Guentcho",male,26.0,0,0,349224,7.8958,,S,True,7106.22,947.4960000000001,"male: Bostandyeff, Mr. Guentcho",poor,blue
670,567,0,3,"Stoytcheff, Mr. Ilia",male,19.0,0,0,349205,7.8958,,S,True,7106.22,947.4960000000001,"male: Stoytcheff, Mr. Ilia",poor,blue
671,879,0,3,"Laleff, Mr. Kristo",male,,0,0,349217,7.8958,,S,True,7106.22,947.4960000000001,"male: Laleff, Mr. Kristo",poor,blue
672,77,0,3,"Staneff, Mr. Ivan",male,,0,0,349208,7.8958,,S,True,7106.22,947.4960000000001,"male: Staneff, Mr. Ivan",poor,blue
673,562,0,3,"Sivic, Mr. Husein",male,40.0,0,0,349251,7.8958,,S,True,7106.22,947.4960000000001,"male: Sivic, Mr. Husein",poor,blue
674,754,0,3,"Jonkoff, Mr. Lalio",male,23.0,0,0,349204,7.8958,,S,True,7106.22,947.4960000000001,"male: Jonkoff, Mr. Lalio",poor,blue
675,520,0,3,"Pavlovic, Mr. Stefo",male,32.0,0,0,349242,7.8958,,S,True,7106.22,947.4960000000001,"male: Pavlovic, Mr. Stefo",poor,blue
676,295,0,3,"Mineff, Mr. Ivan",male,24.0,0,0,349233,7.8958,,S,True,7106.22,947.4960000000001,"male: Mineff, Mr. Ivan",poor,blue
677,739,0,3,"Ivanoff, Mr. Kanio",male,,0,0,349201,7.8958,,S,True,7106.22,947.4960000000001,"male: Ivanoff, Mr. Kanio",poor,blue
678,43,0,3,"Kraeff, Mr. Theodor",male,,0,0,349253,7.8958,,C,True,7106.22,947.4960000000001,"male: Kraeff, Mr. Theodor",poor,blue
679,882,0,3,"Markun, Mr. Johann",male,33.0,0,0,349257,7.8958,,S,True,7106.22,947.4960000000001,"male: Markun, Mr. Johann",poor,blue
680,871,0,3,"Balkic, Mr. Cerin",male,26.0,0,0,349248,7.8958,,S,True,7106.22,947.4960000000001,"male: Balkic, Mr. Cerin",poor,blue
681,456,1,3,"Jalsevac, Mr. Ivan",male,29.0,0,0,349240,7.8958,,C,True,7106.22,947.4960000000001,"male: Jalsevac, Mr. Ivan",poor,blue
682,740,0,3,"Nankoff, Mr. Minko",male,,0,0,349218,7.8958,,S,True,7106.22,947.4960000000001,"male: Nankoff, Mr. Minko",poor,blue
683,522,0,3,"Vovk, Mr. Janko",male,22.0,0,0,349252,7.8958,,S,True,7106.22,947.4960000000001,"male: Vovk, Mr. Janko",poor,blue
684,30,0,3,"Todoroff, Mr. Lalio",male,,0,0,349216,7.8958,,S,True,7106.22,947.4960000000001,"male: Todoroff, Mr. Lalio",poor,blue
685,288,0,3,"Naidenoff, Mr. Penko",male,22.0,0,0,349206,7.8958,,S,True,7106.22,947.4960000000001,"male: Naidenoff, Mr. Penko",poor,blue
686,795,0,3,"Dantcheff, Mr. Ristiu",male,25.0,0,0,349203,7.8958,,S,True,7106.22,947.4960000000001,"male: Dantcheff, Mr. Ristiu",poor,blue
687,647,0,3,"Cor, Mr. Liudevit",male,19.0,0,0,349231,7.8958,,S,True,7106.22,947.4960000000001,"male: Cor, Mr. Liudevit",poor,blue
688,102,0,3,"Petroff, Mr. Pastcho (""Pentcho"")",male,,0,0,349215,7.8958,,S,True,7106.22,947.4960000000001,"male: Petroff, Mr. Pastcho (""Pentcho"")",poor,blue
689,101,0,3,"Petranec, Miss. Matilda",female,28.0,0,0,349245,7.8958,,S,True,7106.22,947.4960000000001,"female: Petranec, Miss. Matilda",poor,blue
690,106,0,3,"Mionoff, Mr. Stoytcho",male,28.0,0,0,349207,7.8958,,S,True,7106.22,947.4960000000001,"male: Mionoff, Mr. Stoytcho",poor,blue
691,385,0,3,"Plotcharsky, Mr. Vasil",male,,0,0,349227,7.8958,,S,True,7106.22,947.4960000000001,"male: Plotcharsky, Mr. Vasil",poor,blue
692,411,0,3,"Sdycoff, Mr. Todor",male,,0,0,349222,7.8958,,S,True,7106.22,947.4960000000001,"male: Sdycoff, Mr. Todor",poor,blue
693,190,0,3,"Turcin, Mr. Stjepan",male,36.0,0,0,349247,7.8958,,S,True,7106.22,947.4960000000001,"male: Turcin, Mr. Stjepan",poor,blue
694,109,0,3,"Rekic, Mr. Tido",male,38.0,0,0,349249,7.8958,,S,True,7106.22,947.4960000000001,"male: Rekic, Mr. Tido",poor,blue
695,607,0,3,"Karaic, Mr. Milan",male,30.0,0,0,349246,7.8958,,S,True,7106.22,947.4960000000001,"male: Karaic, Mr. Milan",poor,blue
696,224,0,3,"Nenkoff, Mr. Christo",male,,0,0,349234,7.8958,,S,True,7106.22,947.4960000000001,"male: Nenkoff, Mr. Christo",poor,blue
697,602,0,3,"Slabenoff, Mr. Petco",male,,0,0,349214,7.8958,,S,True,7106.22,947.4960000000001,"male: Slabenoff, Mr. Petco",poor,blue
698,336,0,3,"Denkoff, Mr. Mitto",male,,0,0,349225,7.8958,,S,True,7106.22,947.4960000000001,"male: Denkoff, Mr. Mitto",poor,blue
699,848,0,3,"Markoff, Mr. Marin",male,35.0,0,0,349213,7.8958,,C,True,7106.22,947.4960000000001,"male: Markoff, Mr. Marin",poor,blue
700,878,0,3,"Petroff, Mr. Nedelio",male,19.0,0,0,349212,7.8958,,S,True,7106.22,947.4960000000001,"male: Petroff, Mr. Nedelio",poor,blue
701,651,0,3,"Mitkoff, Mr. Mito",male,,0,0,349221,7.8958,,S,True,7106.22,947.4960000000001,"male: Mitkoff, Mr. Mito",poor,blue
702,657,0,3,"Radeff, Mr. Alexander",male,,0,0,349223,7.8958,,S,True,7106.22,947.4960000000001,"male: Radeff, Mr. Alexander",poor,blue
703,421,0,3,"Gheorgheff, Mr. Stanio",male,,0,0,349254,7.8958,,C,True,7106.22,947.4960000000001,"male: Gheorgheff, Mr. Stanio",poor,blue
704,322,0,3,"Danoff, Mr. Yoto",male,27.0,0,0,349219,7.8958,,S,True,7106.22,947.4960000000001,"male: Danoff, Mr. Yoto",poor,blue
705,314,0,3,"Hendekovic, Mr. Ignjac",male,28.0,0,0,349243,7.8958,,S,True,7106.22,947.4960000000001,"male: Hendekovic, Mr. Ignjac",poor,blue
706,811,0,3,"Alexander, Mr. William",male,26.0,0,0,3474,7.8875,,S,True,7098.75,946.5,"male: Alexander, Mr. William",poor,blue
707,360,1,3,"Mockler, Miss. Helen Mary ""Ellie""",female,,0,0,330980,7.8792,,Q,True,7091.28,945.504,"female: Mockler, Miss. Helen Mary ""Ellie""",poor,blue
708,29,1,3,"O'Dwyer, Miss. Ellen ""Nellie""",female,,0,0,330959,7.8792,,Q,True,7091.28,945.504,"female: O'Dwyer, Miss. Ellen ""Nellie""",poor,blue
709,45,1,3,"Devaney, Miss. Margaret Delia",female,19.0,0,0,330958,7.8792,,Q,True,7091.28,945.504,"female: Devaney, Miss. Margaret Delia",poor,blue
710,359,1,3,"McGovern, Miss. Mary",female,,0,0,330931,7.8792,,Q,True,7091.28,945.504,"female: McGovern, Miss. Mary",poor,blue
711,423,0,3,"Zimmerman, Mr. Leo",male,29.0,0,0,315082,7.875,,S,True,7087.5,945.0,"male: Zimmerman, Mr. Leo",poor,blue
712,772,0,3,"Jensen, Mr. Niels Peder",male,48.0,0,0,350047,7.8542,,S,True,7068.78,942.5039999999999,"male: Jensen, Mr. Niels Peder",poor,blue
713,570,1,3,"Jonsson, Mr. Carl",male,32.0,0,0,350417,7.8542,,S,True,7068.78,942.5039999999999,"male: Jonsson, Mr. Carl",poor,blue
714,282,0,3,"Olsson, Mr. Nils Johan Goransson",male,28.0,0,0,347464,7.8542,,S,True,7068.78,942.5039999999999,"male: Olsson, Mr. Nils Johan Goransson",poor,blue
715,705,0,3,"Hansen, Mr. Henrik Juul",male,26.0,1,0,350025,7.8542,,S,True,7068.78,942.5039999999999,"male: Hansen, Mr. Henrik Juul",poor,blue
716,92,0,3,"Andreasson, Mr. Paul Edvin",male,20.0,0,0,347466,7.8542,,S,True,7068.78,942.5039999999999,"male: Andreasson, Mr. Paul Edvin",poor,blue
717,176,0,3,"Klasen, Mr. Klas Albin",male,18.0,1,1,350404,7.8542,,S,True,7068.78,942.5039999999999,"male: Klasen, Mr. Klas Albin",poor,blue
718,641,0,3,"Jensen, Mr. Hans Peder",male,20.0,0,0,350050,7.8542,,S,True,7068.78,942.5039999999999,"male: Jensen, Mr. Hans Peder",poor,blue
719,193,1,3,"Andersen-Jensen, Miss. Carla Christine Nielsine",female,19.0,1,0,350046,7.8542,,S,True,7068.78,942.5039999999999,"female: Andersen-Jensen, Miss. Carla Christine Nielsine",poor,blue
720,397,0,3,"Olsson, Miss. Elina",female,31.0,0,0,350407,7.8542,,S,True,7068.78,942.5039999999999,"female: Olsson, Miss. Elina",poor,blue
721,834,0,3,"Augustsson, Mr. Albert",male,23.0,0,0,347468,7.8542,,S,True,7068.78,942.5039999999999,"male: Augustsson, Mr. Albert",poor,blue
722,624,0,3,"Hansen, Mr. Henry Damsgaard",male,21.0,0,0,350029,7.8542,,S,True,7068.78,942.5039999999999,"male: Hansen, Mr. Henry Damsgaard",poor,blue
723,15,0,3,"Vestrom, Miss. Hulda Amanda Adolfina",female,14.0,0,0,350406,7.8542,,S,True,7068.78,942.5039999999999,"female: Vestrom, Miss. Hulda Amanda Adolfina",poor,blue
724,316,1,3,"Nilsson, Miss. Helmina Josefina",female,26.0,0,0,347470,7.8542,,S,True,7068.78,942.5039999999999,"female: Nilsson, Miss. Helmina Josefina",poor,blue
725,553,0,3,"O'Brien, Mr. Timothy",male,,0,0,330979,7.8292,,Q,True,7046.28,939.504,"male: O'Brien, Mr. Timothy",poor,blue
726,654,1,3,"O'Leary, Miss. Hanora ""Norah""",female,,0,0,330919,7.8292,,Q,True,7046.28,939.504,"female: O'Leary, Miss. Hanora ""Norah""",poor,blue
727,52,0,3,"Nosworthy, Mr. Richard Cater",male,21.0,0,0,A/4. 39886,7.8,,S,True,7020.0,936.0,"male: Nosworthy, Mr. Richard Cater",poor,blue
728,147,1,3,"Andersson, Mr. August Edvard (""Wennerstrom"")",male,27.0,0,0,350043,7.7958,,S,True,7016.22,935.496,"male: Andersson, Mr. August Edvard (""Wennerstrom"")",poor,blue
729,396,0,3,"Johansson, Mr. Erik",male,22.0,0,0,350052,7.7958,,S,True,7016.22,935.496,"male: Johansson, Mr. Erik",poor,blue
730,757,0,3,"Carlsson, Mr. August Sigfrid",male,28.0,0,0,350042,7.7958,,S,True,7016.22,935.496,"male: Carlsson, Mr. August Sigfrid",poor,blue
731,500,0,3,"Svensson, Mr. Olof",male,24.0,0,0,350035,7.7958,,S,True,7016.22,935.496,"male: Svensson, Mr. Olof",poor,blue
732,689,0,3,"Fischer, Mr. Eberhard Thelander",male,18.0,0,0,350036,7.7958,,S,True,7016.22,935.496,"male: Fischer, Mr. Eberhard Thelander",poor,blue
733,392,1,3,"Jansson, Mr. Carl Olof",male,21.0,0,0,350034,7.7958,,S,True,7016.22,935.496,"male: Jansson, Mr. Carl Olof",poor,blue
734,83,1,3,"McDermott, Miss. Brigdet Delia",female,,0,0,330932,7.7875,,Q,True,7008.75,934.5,"female: McDermott, Miss. Brigdet Delia",poor,blue
735,765,0,3,"Eklund, Mr. Hans Linus",male,16.0,0,0,347074,7.775,,S,True,6997.5,933.0,"male: Eklund, Mr. Hans Linus",poor,blue
736,247,0,3,"Lindahl, Miss. Agda Thorilda Viktoria",female,25.0,0,0,347071,7.775,,S,True,6997.5,933.0,"female: Lindahl, Miss. Agda Thorilda Viktoria",poor,blue
737,268,1,3,"Persson, Mr. Ernst Ulrik",male,25.0,1,0,347083,7.775,,S,True,6997.5,933.0,"male: Persson, Mr. Ernst Ulrik",poor,blue
738,676,0,3,"Edvardsson, Mr. Gustaf Hjalmar",male,18.0,0,0,349912,7.775,,S,True,6997.5,933.0,"male: Edvardsson, Mr. Gustaf Hjalmar",poor,blue
739,668,0,3,"Rommetvedt, Mr. Knud Paust",male,,0,0,312993,7.775,,S,True,6997.5,933.0,"male: Rommetvedt, Mr. Knud Paust",poor,blue
740,852,0,3,"Svensson, Mr. Johan",male,74.0,0,0,347060,7.775,,S,True,6997.5,933.0,"male: Svensson, Mr. Johan",poor,blue
741,555,1,3,"Ohman, Miss. Velin",female,22.0,0,0,347085,7.775,,S,True,6997.5,933.0,"female: Ohman, Miss. Velin",poor,blue
742,808,0,3,"Pettersson, Miss. Ellen Natalia",female,18.0,0,0,347087,7.775,,S,True,6997.5,933.0,"female: Pettersson, Miss. Ellen Natalia",poor,blue
743,720,0,3,"Johnson, Mr. Malkolm Joackim",male,33.0,0,0,347062,7.775,,S,True,6997.5,933.0,"male: Johnson, Mr. Malkolm Joackim",poor,blue
744,806,0,3,"Johansson, Mr. Karl Johan",male,31.0,0,0,347063,7.775,,S,True,6997.5,933.0,"male: Johansson, Mr. Karl Johan",poor,blue
745,232,0,3,"Larsson, Mr. Bengt Edvin",male,29.0,0,0,347067,7.775,,S,True,6997.5,933.0,"male: Larsson, Mr. Bengt Edvin",poor,blue
746,409,0,3,"Birkeland, Mr. Hans Martin Monsen",male,21.0,0,0,312992,7.775,,S,True,6997.5,933.0,"male: Birkeland, Mr. Hans Martin Monsen",poor,blue
747,380,0,3,"Gustafsson, Mr. Karl Gideon",male,19.0,0,0,347069,7.775,,S,True,6997.5,933.0,"male: Gustafsson, Mr. Karl Gideon",poor,blue
748,163,0,3,"Bengtsson, Mr. John Viktor",male,26.0,0,0,347068,7.775,,S,True,6997.5,933.0,"male: Bengtsson, Mr. John Viktor",poor,blue
749,443,0,3,"Petterson, Mr. Johan Emil",male,25.0,1,0,347076,7.775,,S,True,6997.5,933.0,"male: Petterson, Mr. Johan Emil",poor,blue
750,108,1,3,"Moss, Mr. Albert Johan",male,,0,0,312991,7.775,,S,True,6997.5,933.0,"male: Moss, Mr. Albert Johan",poor,blue
751,48,1,3,"O'Driscoll, Miss. Bridget",female,,0,0,14311,7.75,,Q,True,6975.0,930.0,"female: O'Driscoll, Miss. Bridget",poor,blue
752,526,0,3,"Farrell, Mr. James",male,40.5,0,0,367232,7.75,,Q,True,6975.0,930.0,"male: Farrell, Mr. James",poor,blue
753,301,1,3,"Kelly, Miss. Anna Katherine ""Annie Kate""",female,,0,0,9234,7.75,,Q,True,6975.0,930.0,"female: Kelly, Miss. Anna Katherine ""Annie Kate""",poor,blue
754,594,0,3,"Bourke, Miss. Mary",female,,0,2,364848,7.75,,Q,True,6975.0,930.0,"female: Bourke, Miss. Mary",poor,blue
755,511,1,3,"Daly, Mr. Eugene Patrick",male,29.0,0,0,382651,7.75,,Q,True,6975.0,930.0,"male: Daly, Mr. Eugene Patrick",poor,blue
756,502,0,3,"Canavan, Miss. Mary",female,21.0,0,0,364846,7.75,,Q,True,6975.0,930.0,"female: Canavan, Miss. Mary",poor,blue
757,614,0,3,"Horgan, Mr. John",male,,0,0,370377,7.75,,Q,True,6975.0,930.0,"male: Horgan, Mr. John",poor,blue
758,275,1,3,"Healy, Miss. Hanora ""Nora""",female,,0,0,370375,7.75,,Q,True,6975.0,930.0,"female: Healy, Miss. Hanora ""Nora""",poor,blue
759,117,0,3,"Connors, Mr. Patrick",male,70.5,0,0,370369,7.75,,Q,True,6975.0,930.0,"male: Connors, Mr. Patrick",poor,blue
760,768,0,3,"Mangan, Miss. Mary",female,30.5,0,0,364850,7.75,,Q,True,6975.0,930.0,"female: Mangan, Miss. Mary",poor,blue
761,290,1,3,"Connolly, Miss. Kate",female,22.0,0,0,370373,7.75,,Q,True,6975.0,930.0,"female: Connolly, Miss. Kate",poor,blue
762,33,1,3,"Glynn, Miss. Mary Agatha",female,,0,0,335677,7.75,,Q,True,6975.0,930.0,"female: Glynn, Miss. Mary Agatha",poor,blue
763,209,1,3,"Carr, Miss. Helen ""Ellen""",female,16.0,0,0,367231,7.75,,Q,True,6975.0,930.0,"female: Carr, Miss. Helen ""Ellen""",poor,blue
764,142,1,3,"Nysten, Miss. Anna Sofia",female,22.0,0,0,347081,7.75,,S,True,6975.0,930.0,"female: Nysten, Miss. Anna Sofia",poor,blue
765,777,0,3,"Tobin, Mr. Roger",male,,0,0,383121,7.75,F38,Q,True,6975.0,930.0,"male: Tobin, Mr. Roger",poor,blue
766,561,0,3,"Morrow, Mr. Thomas Rowan",male,,0,0,372622,7.75,,Q,True,6975.0,930.0,"male: Morrow, Mr. Thomas Rowan",poor,blue
767,829,1,3,"McCormack, Mr. Thomas Joseph",male,,0,0,367228,7.75,,Q,True,6975.0,930.0,"male: McCormack, Mr. Thomas Joseph",poor,blue
768,791,0,3,"Keane, Mr. Andrew ""Andy""",male,,0,0,12460,7.75,,Q,True,6975.0,930.0,"male: Keane, Mr. Andrew ""Andy""",poor,blue
769,281,0,3,"Duane, Mr. Frank",male,65.0,0,0,336439,7.75,,Q,True,6975.0,930.0,"male: Duane, Mr. Frank",poor,blue
770,127,0,3,"McMahon, Mr. Martin",male,,0,0,370372,7.75,,Q,True,6975.0,930.0,"male: McMahon, Mr. Martin",poor,blue
771,429,0,3,"Flynn, Mr. James",male,,0,0,364851,7.75,,Q,True,6975.0,930.0,"male: Flynn, Mr. James",poor,blue
772,776,0,3,"Myhrman, Mr. Pehr Fabian Oliver Malkolm",male,18.0,0,0,347078,7.75,,S,True,6975.0,930.0,"male: Myhrman, Mr. Pehr Fabian Oliver Malkolm",poor,blue
773,369,1,3,"Jermyn, Miss. Annie",female,,0,0,14313,7.75,,Q,True,6975.0,930.0,"female: Jermyn, Miss. Annie",poor,blue
774,197,0,3,"Mernagh, Mr. Robert",male,,0,0,368703,7.75,,Q,True,6975.0,930.0,"male: Mernagh, Mr. Robert",poor,blue
775,199,1,3,"Madigan, Miss. Margaret ""Maggie""",female,,0,0,370370,7.75,,Q,True,6975.0,930.0,"female: Madigan, Miss. Margaret ""Maggie""",poor,blue
776,215,0,3,"Kiernan, Mr. Philip",male,,1,0,367229,7.75,,Q,True,6975.0,930.0,"male: Kiernan, Mr. Philip",poor,blue
777,750,0,3,"Connaghton, Mr. Michael",male,31.0,0,0,335097,7.75,,Q,True,6975.0,930.0,"male: Connaghton, Mr. Michael",poor,blue
778,460,0,3,"O'Connor, Mr. Maurice",male,,0,0,371060,7.75,,Q,True,6975.0,930.0,"male: O'Connor, Mr. Maurice",poor,blue
779,407,0,3,"Widegren, Mr. Carl/Charles Peter",male,51.0,0,0,347064,7.75,,S,True,6975.0,930.0,"male: Widegren, Mr. Carl/Charles Peter",poor,blue
780,574,1,3,"Kelly, Miss. Mary",female,,0,0,14312,7.75,,Q,True,6975.0,930.0,"female: Kelly, Miss. Mary",poor,blue
781,277,0,3,"Lindblom, Miss. Augusta Charlotta",female,45.0,0,0,347073,7.75,,S,True,6975.0,930.0,"female: Lindblom, Miss. Augusta Charlotta",poor,blue
782,261,0,3,"Smith, Mr. Thomas",male,,0,0,384461,7.75,,Q,True,6975.0,930.0,"male: Smith, Mr. Thomas",poor,blue
783,265,0,3,"Henry, Miss. Delia",female,,0,0,382649,7.75,,Q,True,6975.0,930.0,"female: Henry, Miss. Delia",poor,blue
784,891,0,3,"Dooley, Mr. Patrick",male,32.0,0,0,370376,7.75,,Q,True,6975.0,930.0,"male: Dooley, Mr. Patrick",poor,blue
785,704,0,3,"Gallagher, Mr. Martin",male,25.0,0,0,36864,7.7417,,Q,True,6967.53,929.004,"male: Gallagher, Mr. Martin",poor,blue
786,779,0,3,"Kilgannon, Mr. Thomas J",male,,0,0,36865,7.7375,,Q,True,6963.75,928.5,"male: Kilgannon, Mr. Thomas J",poor,blue
787,728,1,3,"Mannion, Miss. Margareth",female,,0,0,36866,7.7375,,Q,True,6963.75,928.5,"female: Mannion, Miss. Margareth",poor,blue
788,157,1,3,"Gilnagh, Miss. Katherine ""Katie""",female,16.0,0,0,35851,7.7333,,Q,True,6959.97,927.996,"female: Gilnagh, Miss. Katherine ""Katie""",poor,blue
789,698,1,3,"Mullens, Miss. Katherine ""Katie""",female,,0,0,35852,7.7333,,Q,True,6959.97,927.996,"female: Mullens, Miss. Katherine ""Katie""",poor,blue
790,422,0,3,"Charters, Mr. David",male,21.0,0,0,A/5. 13032,7.7333,,Q,True,6959.97,927.996,"male: Charters, Mr. David",poor,blue
791,630,0,3,"O'Connell, Mr. Patrick D",male,,0,0,334912,7.7333,,Q,True,6959.97,927.996,"male: O'Connell, Mr. Patrick D",poor,blue
792,389,0,3,"Sadlier, Mr. Matthew",male,,0,0,367655,7.7292,,Q,True,6956.28,927.5039999999999,"male: Sadlier, Mr. Matthew",poor,blue
793,469,0,3,"Scanlan, Mr. James",male,,0,0,36209,7.725,,Q,True,6952.5,927.0,"male: Scanlan, Mr. James",poor,blue
794,107,1,3,"Salkjelsvik, Miss. Anna Kristine",female,21.0,0,0,343120,7.65,,S,True,6885.0,918.0,"female: Salkjelsvik, Miss. Anna Kristine",poor,blue
795,76,0,3,"Moen, Mr. Sigurd Hansen",male,25.0,0,0,348123,7.65,F G73,S,True,6885.0,918.0,"male: Moen, Mr. Sigurd Hansen",poor,blue
796,716,0,3,"Soholt, Mr. Peter Andreas Lauritz Andersen",male,19.0,0,0,348124,7.65,F G73,S,True,6885.0,918.0,"male: Soholt, Mr. Peter Andreas Lauritz Andersen",poor,blue
797,700,0,3,"Humblen, Mr. Adolf Mathias Nicolai Olsen",male,42.0,0,0,348121,7.65,F G63,S,True,6885.0,918.0,"male: Humblen, Mr. Adolf Mathias Nicolai Olsen",poor,blue
798,503,0,3,"O'Sullivan, Miss. Bridget Mary",female,,0,0,330909,7.6292,,Q,True,6866.28,915.504,"female: O'Sullivan, Miss. Bridget Mary",poor,blue
799,650,1,3,"Stanley, Miss. Amy Zillah Elsie",female,23.0,0,0,CA. 2314,7.55,,S,True,6795.0,906.0,"female: Stanley, Miss. Amy Zillah Elsie",poor,blue
800,236,0,3,"Harknett, Miss. Alice Phoebe",female,,0,0,W./C. 6609,7.55,,S,True,6795.0,906.0,"female: Harknett, Miss. Alice Phoebe",poor,blue
801,649,0,3,"Willey, Mr. Edward",male,,0,0,S.O./P.P. 751,7.55,,S,True,6795.0,906.0,"male: Willey, Mr. Edward",poor,blue
802,846,0,3,"Abbing, Mr. Anthony",male,42.0,0,0,C.A. 5547,7.55,,S,True,6795.0,906.0,"male: Abbing, Mr. Anthony",poor,blue
803,479,0,3,"Karlsson, Mr. Nils August",male,22.0,0,0,350060,7.5208,,S,True,6768.72,902.4960000000001,"male: Karlsson, Mr. Nils August",poor,blue
804,515,0,3,"Coleff, Mr. Satio",male,24.0,0,0,349209,7.4958,,S,True,6746.22,899.496,"male: Coleff, Mr. Satio",poor,blue
805,787,1,3,"Sjoblom, Miss. Anna Sofia",female,18.0,0,0,3101265,7.4958,,S,True,6746.22,899.496,"female: Sjoblom, Miss. Anna Sofia",poor,blue
806,664,0,3,"Coleff, Mr. Peju",male,36.0,0,0,349210,7.4958,,S,True,6746.22,899.496,"male: Coleff, Mr. Peju",poor,blue
807,155,0,3,"Olsen, Mr. Ole Martin",male,,0,0,Fa 265302,7.3125,,S,True,6581.25,877.5,"male: Olsen, Mr. Ole Martin",poor,blue
808,213,0,3,"Perkin, Mr. John Henry",male,22.0,0,0,A/5 21174,7.25,,S,True,6525.0,870.0,"male: Perkin, Mr. John Henry",poor,blue
809,426,0,3,"Wiseman, Mr. Phillippe",male,,0,0,A/4. 34244,7.25,,S,True,6525.0,870.0,"male: Wiseman, Mr. Phillippe",poor,blue
810,786,0,3,"Harmer, Mr. Abraham (David Lishin)",male,25.0,0,0,374887,7.25,,S,True,6525.0,870.0,"male: Harmer, Mr. Abraham (David Lishin)",poor,blue
811,366,0,3,"Adahl, Mr. Mauritz Nils Martin",male,30.0,0,0,C 7076,7.25,,S,True,6525.0,870.0,"male: Adahl, Mr. Mauritz Nils Martin",poor,blue
812,377,1,3,"Landergren, Miss. Aurora Adelia",female,22.0,0,0,C 7077,7.25,,S,True,6525.0,870.0,"female: Landergren, Miss. Aurora Adelia",poor,blue
813,228,0,3,"Lovell, Mr. John Hall (""Henry"")",male,20.5,0,0,A/5 21173,7.25,,S,True,6525.0,870.0,"male: Lovell, Mr. John Hall (""Henry"")",poor,blue
814,251,0,3,"Reed, Mr. James George",male,,0,0,362316,7.25,,S,True,6525.0,870.0,"male: Reed, Mr. James George",poor,blue
815,95,0,3,"Coxon, Mr. Daniel",male,59.0,0,0,364500,7.25,,S,True,6525.0,870.0,"male: Coxon, Mr. Daniel",poor,blue
816,321,0,3,"Dennis, Mr. Samuel",male,22.0,0,0,A/5 21172,7.25,,S,True,6525.0,870.0,"male: Dennis, Mr. Samuel",poor,blue
817,492,0,3,"Windelov, Mr. Einar",male,21.0,0,0,SOTON/OQ 3101317,7.25,,S,True,6525.0,870.0,"male: Windelov, Mr. Einar",poor,blue
818,593,0,3,"Elsbury, Mr. William James",male,47.0,0,0,A/5 3902,7.25,,S,True,6525.0,870.0,"male: Elsbury, Mr. William James",poor,blue
819,471,0,3,"Keefe, Mr. Arthur",male,,0,0,323592,7.25,,S,True,6525.0,870.0,"male: Keefe, Mr. Arthur",poor,blue
820,1,0,3,"Braund, Mr. Owen Harris",male,22.0,1,0,A/5 21171,7.25,,S,True,6525.0,870.0,"male: Braund, Mr. Owen Harris",poor,blue
821,569,0,3,"Doharr, Mr. Tannous",male,,0,0,2686,7.2292,,C,True,6506.28,867.5039999999999,"male: Doharr, Mr. Tannous",poor,blue
822,833,0,3,"Saad, Mr. Amin",male,,0,0,2671,7.2292,,C,True,6506.28,867.5039999999999,"male: Saad, Mr. Amin",poor,blue
823,533,0,3,"Elias, Mr. Joseph Jr",male,17.0,1,1,2690,7.2292,,C,True,6506.28,867.5039999999999,"male: Elias, Mr. Joseph Jr",poor,blue
824,58,0,3,"Novel, Mr. Mansouer",male,28.5,0,0,2697,7.2292,,C,True,6506.28,867.5039999999999,"male: Novel, Mr. Mansouer",poor,blue
825,860,0,3,"Razi, Mr. Raihed",male,,0,0,2629,7.2292,,C,True,6506.28,867.5039999999999,"male: Razi, Mr. Raihed",poor,blue
826,297,0,3,"Hanna, Mr. Mansour",male,23.5,0,0,2693,7.2292,,C,True,6506.28,867.5039999999999,"male: Hanna, Mr. Mansour",poor,blue
827,353,0,3,"Elias, Mr. Tannous",male,15.0,1,1,2695,7.2292,,C,True,6506.28,867.5039999999999,"male: Elias, Mr. Tannous",poor,blue
828,532,0,3,"Toufik, Mr. Nakli",male,,0,0,2641,7.2292,,C,True,6506.28,867.5039999999999,"male: Toufik, Mr. Nakli",poor,blue
829,61,0,3,"Sirayanian, Mr. Orsen",male,22.0,0,0,2669,7.2292,,C,True,6506.28,867.5039999999999,"male: Sirayanian, Mr. Orsen",poor,blue
830,781,1,3,"Ayoub, Miss. Banoura",female,13.0,0,0,2687,7.2292,,C,True,6506.28,867.5039999999999,"female: Ayoub, Miss. Banoura",poor,blue
831,368,1,3,"Moussa, Mrs. (Mantoura Boulos)",female,,0,0,2626,7.2292,,C,True,6506.28,867.5039999999999,"female: Moussa, Mrs. (Mantoura Boulos)",poor,blue
832,525,0,3,"Kassem, Mr. Fared",male,,0,0,2700,7.2292,,C,True,6506.28,867.5039999999999,"male: Kassem, Mr. Fared",poor,blue
833,763,1,3,"Barah, Mr. Hanna Assi",male,20.0,0,0,2663,7.2292,,C,True,6506.28,867.5039999999999,"male: Barah, Mr. Hanna Assi",poor,blue
834,799,0,3,"Ibrahim Shawah, Mr. Yousseff",male,30.0,0,0,2685,7.2292,,C,True,6506.28,867.5039999999999,"male: Ibrahim Shawah, Mr. Yousseff",poor,blue
835,37,1,3,"Mamee, Mr. Hanna",male,,0,0,2677,7.2292,,C,True,6506.28,867.5039999999999,"male: Mamee, Mr. Hanna",poor,blue
836,774,0,3,"Elias, Mr. Dibo",male,,0,0,2674,7.225,,C,True,6502.5,867.0,"male: Elias, Mr. Dibo",poor,blue
837,27,0,3,"Emir, Mr. Farred Chehab",male,,0,0,2631,7.225,,C,True,6502.5,867.0,"male: Emir, Mr. Farred Chehab",poor,blue
838,204,0,3,"Youseff, Mr. Gerious",male,45.5,0,0,2628,7.225,,C,True,6502.5,867.0,"male: Youseff, Mr. Gerious",poor,blue
839,355,0,3,"Yousif, Mr. Wazli",male,,0,0,2647,7.225,,C,True,6502.5,867.0,"male: Yousif, Mr. Wazli",poor,blue
840,694,0,3,"Saad, Mr. Khalil",male,25.0,0,0,2672,7.225,,C,True,6502.5,867.0,"male: Saad, Mr. Khalil",poor,blue
841,662,0,3,"Badt, Mr. Mohamed",male,40.0,0,0,2623,7.225,,C,True,6502.5,867.0,"male: Badt, Mr. Mohamed",poor,blue
842,554,1,3,"Leeni, Mr. Fahim (""Philip Zenni"")",male,22.0,0,0,2620,7.225,,C,True,6502.5,867.0,"male: Leeni, Mr. Fahim (""Philip Zenni"")",poor,blue
843,245,0,3,"Attalah, Mr. Sleiman",male,30.0,0,0,2694,7.225,,C,True,6502.5,867.0,"male: Attalah, Mr. Sleiman",poor,blue
844,876,1,3,"Najib, Miss. Adele Kiamie ""Jane""",female,15.0,0,0,2667,7.225,,C,True,6502.5,867.0,"female: Najib, Miss. Adele Kiamie ""Jane""",poor,blue
845,20,1,3,"Masselmani, Mrs. Fatima",female,,0,0,2649,7.225,,C,True,6502.5,867.0,"female: Masselmani, Mrs. Fatima",poor,blue
846,523,0,3,"Lahoud, Mr. Sarkis",male,,0,0,2624,7.225,,C,True,6502.5,867.0,"male: Lahoud, Mr. Sarkis",poor,blue
847,599,0,3,"Boulos, Mr. Hanna",male,,0,0,2664,7.225,,C,True,6502.5,867.0,"male: Boulos, Mr. Hanna",poor,blue
848,128,1,3,"Madsen, Mr. Fridtjof Arne",male,24.0,0,0,C 17369,7.1417,,S,True,6427.53,857.004,"male: Madsen, Mr. Fridtjof Arne",poor,blue
849,591,0,3,"Rintamaki, Mr. Matti",male,35.0,0,0,STON/O 2. 3101273,7.125,,S,True,6412.5,855.0,"male: Rintamaki, Mr. Matti",poor,blue
850,762,0,3,"Nirva, Mr. Iisakki Antino Aijo",male,41.0,0,0,SOTON/O2 3101272,7.125,,S,True,6412.5,855.0,"male: Nirva, Mr. Iisakki Antino Aijo",poor,blue
851,244,0,3,"Maenpaa, Mr. Matti Alexanteri",male,22.0,0,0,STON/O 2. 3101275,7.125,,S,True,6412.5,855.0,"male: Maenpaa, Mr. Matti Alexanteri",poor,blue
852,434,0,3,"Kallio, Mr. Nikolai Erland",male,17.0,0,0,STON/O 2. 3101274,7.125,,S,True,6412.5,855.0,"male: Kallio, Mr. Nikolai Erland",poor,blue
853,632,0,3,"Lundahl, Mr. Johan Svensson",male,51.0,0,0,347743,7.0542,,S,True,6348.78,846.504,"male: Lundahl, Mr. Johan Svensson",poor,blue
854,722,0,3,"Jensen, Mr. Svend Lauritz",male,17.0,1,0,350048,7.0542,,S,True,6348.78,846.504,"male: Jensen, Mr. Svend Lauritz",poor,blue
855,885,0,3,"Sutehall, Mr. Henry Jr",male,25.0,0,0,SOTON/OQ 392076,7.05,,S,True,6345.0,846.0,"male: Sutehall, Mr. Henry Jr",poor,blue
856,466,0,3,"Goncalves, Mr. Manuel Estanslas",male,38.0,0,0,SOTON/O.Q. 3101306,7.05,,S,True,6345.0,846.0,"male: Goncalves, Mr. Manuel Estanslas",poor,blue
857,211,0,3,"Ali, Mr. Ahmed",male,24.0,0,0,SOTON/O.Q. 3101311,7.05,,S,True,6345.0,846.0,"male: Ali, Mr. Ahmed",poor,blue
858,132,0,3,"Coelho, Mr. Domingos Fernandeo",male,20.0,0,0,SOTON/O.Q. 3101307,7.05,,S,True,6345.0,846.0,"male: Coelho, Mr. Domingos Fernandeo",poor,blue
859,612,0,3,"Jardin, Mr. Jose Neto",male,,0,0,SOTON/O.Q. 3101305,7.05,,S,True,6345.0,846.0,"male: Jardin, Mr. Jose Neto",poor,blue
860,785,0,3,"Ali, Mr. William",male,25.0,0,0,SOTON/O.Q. 3101312,7.05,,S,True,6345.0,846.0,"male: Ali, Mr. William",poor,blue
861,364,0,3,"Asim, Mr. Adola",male,35.0,0,0,SOTON/O.Q. 3101310,7.05,,S,True,6345.0,846.0,"male: Asim, Mr. Adola",poor,blue
862,478,0,3,"Braund, Mr. Lewis Richard",male,29.0,1,0,3460,7.0458,,S,True,6341.22,845.496,"male: Braund, Mr. Lewis Richard",poor,blue
863,130,0,3,"Ekstrom, Mr. Johan",male,45.0,0,0,347061,6.975,,S,True,6277.5,837.0,"male: Ekstrom, Mr. Johan",poor,blue
864,805,1,3,"Hedman, Mr. Oskar Arvid",male,27.0,0,0,347089,6.975,,S,True,6277.5,837.0,"male: Hedman, Mr. Oskar Arvid",poor,blue
865,826,0,3,"Flynn, Mr. John",male,,0,0,368323,6.95,,Q,True,6255.0,834.0,"male: Flynn, Mr. John",poor,blue
866,412,0,3,"Hart, Mr. Henry",male,,0,0,394140,6.8583,,Q,True,6172.47,822.996,"male: Hart, Mr. Henry",poor,blue
867,655,0,3,"Hegarty, Miss. Hanora ""Nora""",female,18.0,0,0,365226,6.75,,Q,True,6075.0,810.0,"female: Hegarty, Miss. Hanora ""Nora""",poor,blue
868,144,0,3,"Burke, Mr. Jeremiah",male,19.0,0,0,365222,6.75,,Q,True,6075.0,810.0,"male: Burke, Mr. Jeremiah",poor,blue
869,203,0,3,"Johanson, Mr. Jakob Alfred",male,34.0,0,0,3101264,6.4958,,S,True,5846.22,779.496,"male: Johanson, Mr. Jakob Alfred",poor,blue
870,372,0,3,"Wiklund, Mr. Jakob Alfred",male,18.0,1,0,3101267,6.4958,,S,True,5846.22,779.496,"male: Wiklund, Mr. Jakob Alfred",poor,blue
871,819,0,3,"Holm, Mr. John Fredrik Alexander",male,43.0,0,0,C 7075,6.45,,S,True,5805.0,774.0,"male: Holm, Mr. John Fredrik Alexander",poor,blue
872,844,0,3,"Lemberopolous, Mr. Peter L",male,34.5,0,0,2683,6.4375,,C,True,5793.75,772.5,"male: Lemberopolous, Mr. Peter L",poor,blue
873,327,0,3,"Nysveen, Mr. Johan Hansen",male,61.0,0,0,345364,6.2375,,S,True,5613.75,748.5,"male: Nysveen, Mr. Johan Hansen",poor,blue
874,873,0,1,"Carlsson, Mr. Frans Olof",male,33.0,0,0,695,5.0,B51 B53 B55,S,True,4500.0,600.0,"male: Carlsson, Mr. Frans Olof",poor,red
875,379,0,3,"Betros, Mr. Tannous",male,20.0,0,0,2648,4.0125,,C,True,3611.25,481.5,"male: Betros, Mr. Tannous",poor,blue
876,675,0,2,"Watson, Mr. Ennis Hastings",male,,0,0,239856,0.0,,S,True,0.0,0.0,"male: Watson, Mr. Ennis Hastings",poor,green
877,414,0,2,"Cunningham, Mr. Alfred Fleming",male,,0,0,239853,0.0,,S,True,0.0,0.0,"male: Cunningham, Mr. Alfred Fleming",poor,green
878,467,0,2,"Campbell, Mr. William",male,,0,0,239853,0.0,,S,True,0.0,0.0,"male: Campbell, Mr. William",poor,green
879,264,0,1,"Harrison, Mr. William",male,40.0,0,0,112059,0.0,B94,S,True,0.0,0.0,"male: Harrison, Mr. William",poor,red
880,303,0,3,"Johnson, Mr. William Cahoone Jr",male,19.0,0,0,LINE,0.0,,S,True,0.0,0.0,"male: Johnson, Mr. William Cahoone Jr",poor,blue
881,807,0,1,"Andrews, Mr. Thomas Jr",male,39.0,0,0,112050,0.0,A36,S,True,0.0,0.0,"male: Andrews, Mr. Thomas Jr",poor,red
882,733,0,2,"Knight, Mr. Robert J",male,,0,0,239855,0.0,,S,True,0.0,0.0,"male: Knight, Mr. Robert J",poor,green
883,816,0,1,"Fry, Mr. Richard",male,,0,0,112058,0.0,B102,S,True,0.0,0.0,"male: Fry, Mr. Richard",poor,red
884,598,0,3,"Johnson, Mr. Alfred",male,49.0,0,0,LINE,0.0,,S,True,0.0,0.0,"male: Johnson, Mr. Alfred",poor,blue
885,823,0,1,"Reuchlin, Jonkheer. John George",male,38.0,0,0,19972,0.0,,S,True,0.0,0.0,"male: Reuchlin, Jonkheer. John George",poor,red
886,278,0,2,"Parkes, Mr. Francis ""Frank""",male,,0,0,239853,0.0,,S,True,0.0,0.0,"male: Parkes, Mr. Francis ""Frank""",poor,green
887,482,0,2,"Frost, Mr. Anthony Wood ""Archie""",male,,0,0,239854,0.0,,S,True,0.0,0.0,"male: Frost, Mr. Anthony Wood ""Archie""",poor,green
888,272,1,3,"Tornquist, Mr. William Henry",male,25.0,0,0,LINE,0.0,,S,True,0.0,0.0,"male: Tornquist, Mr. William Henry",poor,blue
889,180,0,3,"Leonard, Mr. Lionel",male,36.0,0,0,LINE,0.0,,S,True,0.0,0.0,"male: Leonard, Mr. Lionel",poor,blue
890,634,0,1,"Parr, Mr. William Henry Marsh",male,,0,0,112052,0.0,,S,True,0.0,0.0,"male: Parr, Mr. William Henry Marsh",poor,red
